Time,AngularSpeed,Current
0 	0 	0
0.0001 	0 	0
0.0002 	0 	0
0.0003 	0 	0
0.0004 	0 	0
0.0005 	0 	0
0.0006 	0 	0
0.0007 	0 	0
0.0008 	0 	0
0.0009 	0 	0
0.001 	0 	0
0.0011 	0 	0
0.0012 	0 	0
0.0013 	0 	0
0.0014 	0 	0
0.0015 	0 	0
0.0016 	0 	0
0.0017 	0 	0
0.0018 	0 	0
0.0019 	0 	0
0.002 	0 	0
0.0021 	0 	0
0.0022 	0 	0
0.0023 	0 	0
0.0024 	0 	0
0.0025 	0 	0
0.0026 	0 	0
0.0027 	0 	0
0.0028 	0 	0
0.0029 	0 	0
0.003 	0 	0
0.0031 	0 	0
0.0032 	0 	0
0.0033 	0 	0
0.0034 	0 	0
0.0035 	0 	0
0.0036 	0 	0
0.0037 	0 	0
0.0038 	0 	0
0.0039 	0 	0
0.004 	0 	0
0.0041 	0 	0
0.0042 	0 	0
0.0043 	0 	0
0.0044 	0 	0
0.0045 	0 	0
0.0046 	0 	0
0.0047 	0 	0
0.0048 	0 	0
0.0049 	0 	0
0.005 	0 	0
0.0051 	0 	0
0.0052 	0 	0
0.0053 	0 	0
0.0054 	0 	0
0.0055 	0 	0
0.0056 	0 	0
0.0057 	0 	0
0.0058 	0 	0
0.0059 	0 	0
0.006 	0 	0
0.0061 	0 	0
0.0062 	0 	0
0.0063 	0 	0
0.0064 	0 	0
0.0065 	0 	0
0.0066 	0 	0
0.0067 	0 	0
0.0068 	0 	0
0.0069 	0 	0
0.007 	0 	0
0.0071 	0 	0
0.0072 	0 	0
0.0073 	0 	0
0.0074 	0 	0
0.0075 	0 	0
0.0076 	0 	0
0.0077 	0 	0
0.0078 	0 	0
0.0079 	0 	0
0.008 	0 	0
0.0081 	0 	0
0.0082 	0 	0
0.0083 	0 	0
0.0084 	0 	0
0.0085 	0 	0
0.0086 	0 	0
0.0087 	0 	0
0.0088 	0 	0
0.0089 	0 	0
0.009 	0 	0
0.0091 	0 	0
0.0092 	0 	0
0.0093 	0 	0
0.0094 	0 	0
0.0095 	0 	0
0.0096 	0 	0
0.0097 	0 	0
0.0098 	0 	0
0.0099 	0 	0
0.01 	0 	0
0.0101 	0 	0.0727273
0.0102 	0 	0.144926
0.0103 	0 	0.216599
0.0104 	0 	0.287751
0.0105 	0 	0.358385
0.0106 	0 	0.428506
0.0107 	0 	0.498117
0.0108 	0 	0.567222
0.0109 	0 	0.635824
0.011 	0 	0.703927
0.0111 	0 	0.771535
0.0112 	0 	0.838651
0.0113 	0 	0.905279
0.0114 	0 	0.971422
0.0115 	0 	1.03708
0.0116 	0 	1.10227
0.0117 	0 	1.16698
0.0118 	0 	1.23122
0.0119 	0 	1.29499
0.012 	0 	1.3583
0.0121 	0 	1.42115
0.0122 	0 	1.48354
0.0123 	0 	1.54548
0.0124 	0 	1.60697
0.0125 	0 	1.66801
0.0126 	0 	1.7286
0.0127 	0 	1.78876
0.0128 	0 	1.84848
0.0129 	0 	1.90776
0.013 	0 	1.96661
0.0131 	0 	2.02504
0.0132 	0 	2.08304
0.0133 	0 	2.14062
0.0134 	0 	2.19778
0.0135 	0 	2.25452
0.0136 	0 	2.31085
0.0137 	0 	2.36677
0.0138 	0 	2.42229
0.0139 	0 	2.4774
0.014 	0 	2.53211
0.0141 	0 	2.58642
0.0142 	0 	2.64034
0.0143 	0 	2.69386
0.0144 	0 	2.747
0.0145 	0 	2.79974
0.0146 	0 	2.85211
0.0147 	0 	2.90409
0.0148 	0 	2.9557
0.0149 	0 	3.00693
0.015 	0 	3.05779
0.0151 	0 	3.10828
0.0152 	0 	3.1584
0.0153 	0 	3.20816
0.0154 	0 	3.25755
0.0155 	0 	3.30659
0.0156 	0 	3.35527
0.0157 	0 	3.40359
0.0158 	0 	3.45157
0.0159 	0 	3.49919
0.016 	0 	3.54647
0.0161 	0 	3.59341
0.0162 	0 	3.64
0.0163 	0 	3.68625
0.0164 	0 	3.73217
0.0165 	0 	3.77776
0.0166 	0 	3.82301
0.0167 	0 	3.86793
0.0168 	0 	3.91253
0.0169 	0 	3.9568
0.017 	0 	4.00075
0.0171 	0 	4.04438
0.0172 	0 	4.0877
0.0173 	0 	4.1307
0.0174 	0 	4.17338
0.0175 	0 	4.21576
0.0176 	0 	4.25782
0.0177 	0 	4.29959
0.0178 	0 	4.34104
0.0179 	0 	4.3822
0.018 	0 	4.42306
0.0181 	0 	4.46362
0.0182 	0 	4.50388
0.0183 	0 	4.54385
0.0184 	0 	4.58353
0.0185 	0 	4.62293
0.0186 	0 	4.66203
0.0187 	0 	4.70085
0.0188 	0 	4.73939
0.0189 	0 	4.77765
0.019 	0 	4.81563
0.0191 	0 	4.85334
0.0192 	0 	4.89077
0.0193 	0 	4.92793
0.0194 	0 	4.96481
0.0195 	0 	5.00143
0.0196 	0 	5.03779
0.0197 	0 	5.07387
0.0198 	0 	5.1097
0.0199 	0 	5.14527
0.02 	0 	5.18057
0.0201 	0 	5.21562
0.0202 	0 	5.25042
0.0203 	0 	5.28496
0.0204 	0 	5.31925
0.0205 	0 	5.3533
0.0206 	0 	5.38709
0.0207 	0 	5.42064
0.0208 	0 	5.45394
0.0209 	0 	5.487
0.021 	0 	5.51983
0.0211 	0 	5.55241
0.0212 	0 	5.58476
0.0213 	0 	5.61687
0.0214 	0 	5.64874
0.0215 	0 	5.68039
0.0216 	0 	5.7118
0.0217 	0 	5.74299
0.0218 	0 	5.77395
0.0219 	0 	5.80469
0.022 	0 	5.8352
0.0221 	0 	5.86549
0.0222 	0 	5.89556
0.0223 	0 	5.92541
0.0224 	0 	5.95504
0.0225 	0 	5.98446
0.0226 	0 	6.01366
0.0227 	0 	6.04265
0.0228 	0 	6.07143
0.0229 	0 	6.10001
0.023 	0 	6.12837
0.0231 	0 	6.15653
0.0232 	0 	6.18448
0.0233 	0 	6.21223
0.0234 	0 	6.23978
0.0235 	0 	6.26712
0.0236 	0 	6.29427
0.0237 	0 	6.32122
0.0238 	0 	6.34798
0.0239 	0 	6.37454
0.024 	0 	6.4009
0.0241 	0 	6.42708
0.0242 	0 	6.45306
0.0243 	0 	6.47886
0.0244 	0 	6.50447
0.0245 	0 	6.52989
0.0246 	0 	6.55513
0.0247 	0 	6.58018
0.0248 	0 	6.60505
0.0249 	0 	6.62974
0.025 	0 	6.65425
0.0251 	0 	6.67859
0.0252 	0 	6.70274
0.0253 	0 	6.72672
0.0254 	0 	6.75053
0.0255 	0 	6.77416
0.0256 	0 	6.79762
0.0257 	0 	6.82091
0.0258 	0 	6.84403
0.0259 	0 	6.86698
0.026 	0 	6.88977
0.0261 	0 	6.91239
0.0262 	0 	6.93485
0.0263 	0 	6.95714
0.0264 	0 	6.97927
0.0265 	0 	7.00124
0.0266 	0 	7.02305
0.0267 	0 	7.0447
0.0268 	0 	7.06619
0.0269 	0 	7.08753
0.027 	0 	7.10871
0.0271 	0 	7.12973
0.0272 	0 	7.15061
0.0273 	0 	7.17133
0.0274 	0 	7.1919
0.0275 	0 	7.21233
0.0276 	0 	7.2326
0.0277 	0 	7.25273
0.0278 	0 	7.27271
0.0279 	0 	7.29254
0.028 	0 	7.31223
0.0281 	0 	7.33178
0.0282 	0 	7.35119
0.0283 	0 	7.37045
0.0284 	0 	7.38957
0.0285 	0 	7.40856
0.0286 	0 	7.42741
0.0287 	0 	7.44612
0.0288 	0 	7.46469
0.0289 	0 	7.48313
0.029 	0 	7.50143
0.0291 	0 	7.5196
0.0292 	0 	7.53764
0.0293 	0 	7.55555
0.0294 	0 	7.57333
0.0295 	0 	7.59098
0.0296 	0 	7.6085
0.0297 	0 	7.62589
0.0298 	0 	7.64316
0.0299 	0 	7.6603
0.03 	0 	7.67731
0.0301 	0 	7.69421
0.0302 	0 	7.71097
0.0303 	0 	7.72762
0.0304 	0 	7.74415
0.0305 	0 	7.76055
0.0306 	0 	7.77684
0.0307 	0 	7.79301
0.0308 	0 	7.80906
0.0309 	0 	7.825
0.031 	0 	7.84081
0.0311 	0 	7.85652
0.0312 	0 	7.87211
0.0313 	0 	7.88758
0.0314 	0 	7.90294
0.0315 	0 	7.9182
0.0316 	0 	7.93334
0.0317 	0 	7.94837
0.0318 	0 	7.96329
0.0319 	0 	7.9781
0.032 	0 	7.9928
0.0321 	0 	8.0074
0.0322 	0 	8.02189
0.0323 	0 	8.03628
0.0324 	0 	8.05056
0.0325 	0 	8.06474
0.0326 	0 	8.07881
0.0327 	0 	8.09279
0.0328 	0 	8.10666
0.0329 	0 	8.12043
0.033 	0 	8.1341
0.0331 	0 	8.14767
0.0332 	0 	8.16114
0.0333 	0 	8.17451
0.0334 	0 	8.18779
0.0335 	0 	8.20097
0.0336 	0 	8.21405
0.0337 	0 	8.22704
0.0338 	0 	8.23993
0.0339 	0 	8.25273
0.034 	0 	8.26544
0.0341 	0 	8.27806
0.0342 	0 	8.29058
0.0343 	0 	8.30301
0.0344 	0 	8.31535
0.0345 	0 	8.32761
0.0346 	0 	8.33977
0.0347 	0 	8.35184
0.0348 	0 	8.36383
0.0349 	0 	8.37573
0.035 	0 	8.38754
0.0351 	0 	8.39927
0.0352 	0 	8.41091
0.0353 	0 	8.42247
0.0354 	0 	8.43394
0.0355 	0 	8.44533
0.0356 	0 	8.45664
0.0357 	0 	8.46786
0.0358 	0 	8.479
0.0359 	0 	8.49007
0.036 	0 	8.50105
0.0361 	0 	8.51195
0.0362 	0 	8.52277
0.0363 	0 	8.53351
0.0364 	0 	8.54418
0.0365 	0 	8.55477
0.0366 	0 	8.56528
0.0367 	0 	8.57571
0.0368 	0 	8.58607
0.0369 	0 	8.59635
0.037 	0 	8.60656
0.0371 	0 	8.6167
0.0372 	0 	8.62676
0.0373 	0 	8.63674
0.0374 	0 	8.64666
0.0375 	0 	8.6565
0.0376 	0 	8.66627
0.0377 	0 	8.67597
0.0378 	0 	8.6856
0.0379 	0 	8.69516
0.038 	0 	8.70465
0.0381 	0 	8.71407
0.0382 	0 	8.72342
0.0383 	0 	8.73271
0.0384 	0 	8.74192
0.0385 	0 	8.75107
0.0386 	0 	8.76016
0.0387 	0 	8.76917
0.0388 	0 	8.77813
0.0389 	0 	8.78701
0.039 	0 	8.79583
0.0391 	0 	8.80459
0.0392 	0 	8.81329
0.0393 	0 	8.82192
0.0394 	0 	8.83048
0.0395 	0 	8.83899
0.0396 	0 	8.84743
0.0397 	0 	8.85582
0.0398 	0 	8.86414
0.0399 	0 	8.8724
0.04 	0 	8.8806
0.0401 	0 	8.88874
0.0402 	0 	8.89682
0.0403 	0 	8.90484
0.0404 	0 	8.91281
0.0405 	0 	8.92072
0.0406 	0 	8.92857
0.0407 	0 	8.93636
0.0408 	0 	8.94409
0.0409 	0 	8.95177
0.041 	0 	8.9594
0.0411 	0 	8.96696
0.0412 	0 	8.97448
0.0413 	0 	8.98194
0.0414 	0 	8.98934
0.0415 	0 	8.99669
0.0416 	0 	9.00399
0.0417 	0 	9.01123
0.0418 	0 	9.01842
0.0419 	0 	9.02556
0.042 	0 	9.03265
0.0421 	0 	9.03968
0.0422 	0 	9.04667
0.0423 	0 	9.0536
0.0424 	0 	9.06048
0.0425 	0 	9.06732
0.0426 	0 	9.0741
0.0427 	0 	9.08083
0.0428 	0 	9.08752
0.0429 	0 	9.09415
0.043 	0 	9.10074
0.0431 	0 	9.10728
0.0432 	0 	9.11377
0.0433 	0 	9.12022
0.0434 	0 	9.12662
0.0435 	0 	9.13297
0.0436 	0 	9.13928
0.0437 	0 	9.14554
0.0438 	0 	9.15175
0.0439 	0 	9.15792
0.044 	0 	9.16404
0.0441 	0 	9.17012
0.0442 	0 	9.17616
0.0443 	0 	9.18215
0.0444 	0 	9.1881
0.0445 	0 	9.194
0.0446 	0 	9.19986
0.0447 	0 	9.20568
0.0448 	0 	9.21146
0.0449 	0 	9.21719
0.045 	0 	9.22289
0.0451 	0 	9.22854
0.0452 	0 	9.23415
0.0453 	0 	9.23972
0.0454 	0 	9.24525
0.0455 	0 	9.25074
0.0456 	0 	9.25619
0.0457 	0 	9.2616
0.0458 	0 	9.26697
0.0459 	0 	9.2723
0.046 	0 	9.27759
0.0461 	0 	9.28284
0.0462 	0 	9.28806
0.0463 	0 	9.29324
0.0464 	0 	9.29838
0.0465 	0 	9.30348
0.0466 	0 	9.30855
0.0467 	0 	9.31358
0.0468 	0 	9.31857
0.0469 	0 	9.32352
0.047 	0 	9.32844
0.0471 	0 	9.33333
0.0472 	0 	9.33818
0.0473 	0 	9.34299
0.0474 	0 	9.34777
0.0475 	0 	9.35251
0.0476 	0 	9.35722
0.0477 	0 	9.36189
0.0478 	0 	9.36654
0.0479 	0 	9.37114
0.048 	0 	9.37572
0.0481 	0 	9.38026
0.0482 	0 	9.38476
0.0483 	0 	9.38924
0.0484 	0 	9.39368
0.0485 	0 	9.39809
0.0486 	0 	9.40247
0.0487 	0 	9.40681
0.0488 	0 	9.41113
0.0489 	0 	9.41541
0.049 	0 	9.41966
0.0491 	0 	9.42388
0.0492 	0 	9.42807
0.0493 	0 	9.43223
0.0494 	0 	9.43636
0.0495 	0 	9.44046
0.0496 	0 	9.44453
0.0497 	0 	9.44857
0.0498 	0 	9.45258
0.0499 	0 	9.45656
0.05 	0 	9.46051
0.0501 	0 	9.46444
0.0502 	0 	9.46833
0.0503 	0 	9.4722
0.0504 	0 	9.47604
0.0505 	0 	9.47985
0.0506 	0 	9.48363
0.0507 	0 	9.48739
0.0508 	0 	9.49111
0.0509 	0 	9.49481
0.051 	0 	9.49849
0.0511 	0 	9.50214
0.0512 	0 	9.50576
0.0513 	0 	9.50935
0.0514 	0 	9.51292
0.0515 	0 	9.51646
0.0516 	0 	9.51998
0.0517 	0 	9.52347
0.0518 	0 	9.52694
0.0519 	0 	9.53038
0.052 	0 	9.53379
0.0521 	0 	9.53718
0.0522 	0 	9.54055
0.0523 	0 	9.54389
0.0524 	0 	9.54721
0.0525 	0 	9.5505
0.0526 	0 	9.55377
0.0527 	0 	9.55701
0.0528 	0 	9.56024
0.0529 	0 	9.56343
0.053 	0 	9.56661
0.0531 	0 	9.56976
0.0532 	0 	9.57289
0.0533 	0 	9.576
0.0534 	0 	9.57908
0.0535 	0 	9.58214
0.0536 	0 	9.58518
0.0537 	0 	9.5882
0.0538 	0 	9.59119
0.0539 	0 	9.59417
0.054 	0 	9.59712
0.0541 	0 	9.60005
0.0542 	0 	9.60296
0.0543 	0 	9.60584
0.0544 	0 	9.60871
0.0545 	0 	9.61156
0.0546 	0 	9.61438
0.0547 	0 	9.61718
0.0548 	0 	9.61997
0.0549 	0 	9.62273
0.055 	0 	9.62548
0.0551 	0 	9.6282
0.0552 	0 	9.6309
0.0553 	0 	9.63359
0.0554 	0 	9.63625
0.0555 	0 	9.6389
0.0556 	0 	9.64153
0.0557 	0 	9.64413
0.0558 	0 	9.64672
0.0559 	0 	9.64929
0.056 	0 	9.65184
0.0561 	0 	9.65437
0.0562 	0 	9.65689
0.0563 	0 	9.65938
0.0564 	0 	9.66186
0.0565 	0 	9.66432
0.0566 	0 	9.66676
0.0567 	0 	9.66918
0.0568 	0 	9.67159
0.0569 	0 	9.67398
0.057 	0 	9.67635
0.0571 	0 	9.6787
0.0572 	0 	9.68104
0.0573 	0 	9.68336
0.0574 	0 	9.68566
0.0575 	0 	9.68795
0.0576 	0 	9.69022
0.0577 	0 	9.69247
0.0578 	0 	9.69471
0.0579 	0 	9.69693
0.058 	0 	9.69913
0.0581 	0 	9.70132
0.0582 	0 	9.70349
0.0583 	0 	9.70565
0.0584 	0 	9.70779
0.0585 	0 	9.70991
0.0586 	0 	9.71202
0.0587 	0 	9.71412
0.0588 	0 	9.7162
0.0589 	0 	9.71826
0.059 	0 	9.72031
0.0591 	0 	9.72234
0.0592 	0 	9.72436
0.0593 	0 	9.72637
0.0594 	0 	9.72836
0.0595 	0 	9.73033
0.0596 	0 	9.73229
0.0597 	0 	9.73424
0.0598 	0 	9.73617
0.0599 	0 	9.73809
0.06 	0 	9.74
0.0601 	0 	9.74189
0.0602 	0 	9.74377
0.0603 	0 	9.74563
0.0604 	0 	9.74748
0.0605 	0 	9.74932
0.0606 	0 	9.75114
0.0607 	0 	9.75295
0.0608 	0 	9.75475
0.0609 	0 	9.75653
0.061 	0 	9.7583
0.0611 	0 	9.76006
0.0612 	0 	9.7618
0.0613 	0 	9.76354
0.0614 	0 	9.76526
0.0615 	0 	9.76696
0.0616 	0 	9.76866
0.0617 	0 	9.77034
0.0618 	0 	9.77201
0.0619 	0 	9.77367
0.062 	0 	9.77531
0.0621 	0 	9.77695
0.0622 	0 	9.77857
0.0623 	0 	9.78018
0.0624 	0 	9.78178
0.0625 	0 	9.78337
0.0626 	0 	9.78494
0.0627 	0 	9.78651
0.0628 	0 	9.78806
0.0629 	0 	9.7896
0.063 	0 	9.79113
0.0631 	0 	9.79265
0.0632 	0 	9.79416
0.0633 	0 	9.79565
0.0634 	0 	9.79714
0.0635 	0 	9.79862
0.0636 	0 	9.80008
0.0637 	0 	9.80153
0.0638 	0 	9.80298
0.0639 	0 	9.80441
0.064 	0 	9.80583
0.0641 	0 	9.80725
0.0642 	0 	9.80865
0.0643 	0 	9.81004
0.0644 	0 	9.81142
0.0645 	0 	9.81279
0.0646 	0 	9.81415
0.0647 	0 	9.81551
0.0648 	0 	9.81685
0.0649 	0 	9.81818
0.065 	0 	9.8195
0.0651 	0 	9.82081
0.0652 	0 	9.82212
0.0653 	0 	9.82341
0.0654 	0 	9.8247
0.0655 	0 	9.82597
0.0656 	0 	9.82724
0.0657 	0 	9.82849
0.0658 	0 	9.82974
0.0659 	0 	9.83098
0.066 	0 	9.83221
0.0661 	0 	9.83343
0.0662 	0 	9.83464
0.0663 	0 	9.83584
0.0664 	0 	9.83704
0.0665 	0 	9.83822
0.0666 	0 	9.8394
0.0667 	0 	9.84057
0.0668 	0 	9.84172
0.0669 	0 	9.84288
0.067 	0 	9.84402
0.0671 	0 	9.84515
0.0672 	0 	9.84628
0.0673 	0 	9.8474
0.0674 	0 	9.84851
0.0675 	0 	9.84961
0.0676 	0 	9.8507
0.0677 	0 	9.85179
0.0678 	0 	9.85287
0.0679 	0 	9.85394
0.068 	0 	9.855
0.0681 	0 	9.85605
0.0682 	0 	9.8571
0.0683 	0 	9.85814
0.0684 	0 	9.85917
0.0685 	0 	9.8602
0.0686 	0 	9.86121
0.0687 	0 	9.86222
0.0688 	0 	9.86322
0.0689 	0 	9.86422
0.069 	0 	9.86521
0.0691 	0 	9.86619
0.0692 	0 	9.86716
0.0693 	0 	9.86813
0.0694 	0 	9.86908
0.0695 	0 	9.87004
0.0696 	0 	9.87098
0.0697 	0 	9.87192
0.0698 	0 	9.87285
0.0699 	0 	9.87378
0.07 	0 	9.87469
0.0701 	0 	9.87561
0.0702 	0 	9.87651
0.0703 	0 	9.87741
0.0704 	0 	9.8783
0.0705 	0 	9.87918
0.0706 	0 	9.88006
0.0707 	0 	9.88094
0.0708 	0 	9.8818
0.0709 	0 	9.88266
0.071 	0 	9.88351
0.0711 	0 	9.88436
0.0712 	0 	9.8852
0.0713 	0 	9.88604
0.0714 	0 	9.88687
0.0715 	0 	9.88769
0.0716 	0 	9.88851
0.0717 	0 	9.88932
0.0718 	0 	9.89012
0.0719 	0 	9.89092
0.072 	0 	9.89171
0.0721 	0 	9.8925
0.0722 	0 	9.89328
0.0723 	0 	9.89406
0.0724 	0 	9.89483
0.0725 	0 	9.8956
0.0726 	0 	9.89635
0.0727 	0 	9.89711
0.0728 	0 	9.89786
0.0729 	0 	9.8986
0.073 	0 	9.89934
0.0731 	0 	9.90007
0.0732 	0 	9.9008
0.0733 	0 	9.90152
0.0734 	0 	9.90223
0.0735 	0 	9.90294
0.0736 	0 	9.90365
0.0737 	0 	9.90435
0.0738 	0 	9.90505
0.0739 	0 	9.90574
0.074 	0 	9.90642
0.0741 	0 	9.9071
0.0742 	0 	9.90778
0.0743 	0 	9.90845
0.0744 	0 	9.90912
0.0745 	0 	9.90978
0.0746 	0 	9.91043
0.0747 	0 	9.91108
0.0748 	0 	9.91173
0.0749 	0 	9.91237
0.075 	0 	9.91301
0.0751 	0 	9.91364
0.0752 	0 	9.91427
0.0753 	0 	9.91489
0.0754 	0 	9.91551
0.0755 	0 	9.91613
0.0756 	0 	9.91674
0.0757 	0 	9.91734
0.0758 	0 	9.91794
0.0759 	0 	9.91854
0.076 	0 	9.91913
0.0761 	0 	9.91972
0.0762 	0 	9.92031
0.0763 	0 	9.92088
0.0764 	0 	9.92146
0.0765 	0 	9.92203
0.0766 	0 	9.9226
0.0767 	0 	9.92316
0.0768 	0 	9.92372
0.0769 	0 	9.92428
0.077 	0 	9.92483
0.0771 	0 	9.92537
0.0772 	0 	9.92592
0.0773 	0 	9.92645
0.0774 	0 	9.92699
0.0775 	0 	9.92752
0.0776 	0 	9.92805
0.0777 	0 	9.92857
0.0778 	0 	9.92909
0.0779 	0 	9.92961
0.078 	0 	9.93012
0.0781 	0 	9.93063
0.0782 	0 	9.93113
0.0783 	0 	9.93163
0.0784 	0 	9.93213
0.0785 	0 	9.93262
0.0786 	0 	9.93311
0.0787 	0 	9.9336
0.0788 	0 	9.93408
0.0789 	0 	9.93456
0.079 	0 	9.93504
0.0791 	0 	9.93551
0.0792 	0 	9.93598
0.0793 	0 	9.93644
0.0794 	0 	9.93691
0.0795 	0 	9.93736
0.0796 	0 	9.93782
0.0797 	0 	9.93827
0.0798 	0 	9.93872
0.0799 	0 	9.93917
0.08 	0 	9.93961
0.0801 	0 	9.94005
0.0802 	0 	9.94048
0.0803 	0 	9.94092
0.0804 	0 	9.94135
0.0805 	0 	9.94177
0.0806 	0 	9.9422
0.0807 	0 	9.94262
0.0808 	0 	9.94304
0.0809 	0 	9.94345
0.081 	0 	9.94386
0.0811 	0 	9.94427
0.0812 	0 	9.94467
0.0813 	0 	9.94508
0.0814 	0 	9.94548
0.0815 	0 	9.94587
0.0816 	0 	9.94627
0.0817 	0 	9.94666
0.0818 	0 	9.94705
0.0819 	0 	9.94743
0.082 	0 	9.94781
0.0821 	0 	9.94819
0.0822 	0 	9.94857
0.0823 	0 	9.94894
0.0824 	0 	9.94931
0.0825 	0 	9.94968
0.0826 	0 	9.95005
0.0827 	0 	9.95041
0.0828 	0 	9.95077
0.0829 	0 	9.95113
0.083 	0 	9.95149
0.0831 	0 	9.95184
0.0832 	0 	9.95219
0.0833 	0 	9.95254
0.0834 	0 	9.95288
0.0835 	0 	9.95322
0.0836 	0 	9.95356
0.0837 	0 	9.9539
0.0838 	0 	9.95424
0.0839 	0 	9.95457
0.084 	0 	9.9549
0.0841 	0 	9.95523
0.0842 	0 	9.95555
0.0843 	0 	9.95588
0.0844 	0 	9.9562
0.0845 	0 	9.95652
0.0846 	0 	9.95683
0.0847 	0 	9.95715
0.0848 	0 	9.95746
0.0849 	0 	9.95777
0.085 	0 	9.95808
0.0851 	0 	9.95838
0.0852 	0 	9.95868
0.0853 	0 	9.95898
0.0854 	0 	9.95928
0.0855 	0 	9.95958
0.0856 	0 	9.95987
0.0857 	0 	9.96016
0.0858 	0 	9.96045
0.0859 	0 	9.96074
0.086 	0 	9.96103
0.0861 	0 	9.96131
0.0862 	0 	9.96159
0.0863 	0 	9.96187
0.0864 	0 	9.96215
0.0865 	0 	9.96242
0.0866 	0 	9.9627
0.0867 	0 	9.96297
0.0868 	0 	9.96324
0.0869 	0 	9.9635
0.087 	0 	9.96377
0.0871 	0 	9.96403
0.0872 	0 	9.9643
0.0873 	0 	9.96456
0.0874 	0 	9.96481
0.0875 	0 	9.96507
0.0876 	0 	9.96532
0.0877 	0 	9.96558
0.0878 	0 	9.96583
0.0879 	0 	9.96607
0.088 	0 	9.96632
0.0881 	0 	9.96657
0.0882 	0 	9.96681
0.0883 	0 	9.96705
0.0884 	0 	9.96729
0.0885 	0 	9.96753
0.0886 	0 	9.96776
0.0887 	0 	9.968
0.0888 	0 	9.96823
0.0889 	0 	9.96846
0.089 	0 	9.96869
0.0891 	0 	9.96892
0.0892 	0 	9.96915
0.0893 	0 	9.96937
0.0894 	0 	9.96959
0.0895 	0 	9.96981
0.0896 	0 	9.97003
0.0897 	0 	9.97025
0.0898 	0 	9.97047
0.0899 	0 	9.97068
0.09 	0 	9.9709
0.0901 	0 	9.97111
0.0902 	0 	9.97132
0.0903 	0 	9.97153
0.0904 	0 	9.97173
0.0905 	0 	9.97194
0.0906 	0 	9.97214
0.0907 	0 	9.97235
0.0908 	0 	9.97255
0.0909 	0 	9.97275
0.091 	0 	9.97294
0.0911 	0 	9.97314
0.0912 	0 	9.97334
0.0913 	0 	9.97353
0.0914 	0 	9.97372
0.0915 	0 	9.97391
0.0916 	0 	9.9741
0.0917 	0 	9.97429
0.0918 	0 	9.97448
0.0919 	0 	9.97466
0.092 	0 	9.97485
0.0921 	0 	9.97503
0.0922 	0 	9.97521
0.0923 	0 	9.97539
0.0924 	0 	9.97557
0.0925 	0 	9.97575
0.0926 	0 	9.97593
0.0927 	0 	9.9761
0.0928 	0 	9.97628
0.0929 	0 	9.97645
0.093 	0 	9.97662
0.0931 	0 	9.97679
0.0932 	0 	9.97696
0.0933 	0 	9.97713
0.0934 	0 	9.97729
0.0935 	0 	9.97746
0.0936 	0 	9.97762
0.0937 	0 	9.97778
0.0938 	0 	9.97795
0.0939 	0 	9.97811
0.094 	0 	9.97826
0.0941 	0 	9.97842
0.0942 	0 	9.97858
0.0943 	0 	9.97874
0.0944 	0 	9.97889
0.0945 	0 	9.97904
0.0946 	0 	9.9792
0.0947 	0 	9.97935
0.0948 	0 	9.9795
0.0949 	0 	9.97965
0.095 	0 	9.97979
0.0951 	0 	9.97994
0.0952 	0 	9.98009
0.0953 	0 	9.98023
0.0954 	0 	9.98038
0.0955 	0 	9.98052
0.0956 	0 	9.98066
0.0957 	0 	9.9808
0.0958 	0 	9.98094
0.0959 	0 	9.98108
0.096 	0 	9.98122
0.0961 	0 	9.98135
0.0962 	0 	9.98149
0.0963 	0 	9.98162
0.0964 	0 	9.98176
0.0965 	0 	9.98189
0.0966 	0 	9.98202
0.0967 	0 	9.98215
0.0968 	0 	9.98228
0.0969 	0 	9.98241
0.097 	0 	9.98254
0.0971 	0 	9.98267
0.0972 	0 	9.98279
0.0973 	0 	9.98292
0.0974 	0 	9.98304
0.0975 	0 	9.98317
0.0976 	0 	9.98329
0.0977 	0 	9.98341
0.0978 	0 	9.98353
0.0979 	0 	9.98365
0.098 	0 	9.98377
0.0981 	0 	9.98389
0.0982 	0 	9.984
0.0983 	0 	9.98412
0.0984 	0 	9.98424
0.0985 	0 	9.98435
0.0986 	0 	9.98446
0.0987 	0 	9.98458
0.0988 	0 	9.98469
0.0989 	0 	9.9848
0.099 	0 	9.98491
0.0991 	0 	9.98502
0.0992 	0 	9.98513
0.0993 	0 	9.98524
0.0994 	0 	9.98535
0.0995 	0 	9.98545
0.0996 	0 	9.98556
0.0997 	0 	9.98566
0.0998 	0 	9.98577
0.0999 	0 	9.98587
0.1 	0 	9.98597
0.1001 	0 	9.98608
0.1002 	0 	9.98618
0.1003 	0 	9.98628
0.1004 	0 	9.98638
0.1005 	0 	9.98648
0.1006 	0 	9.98657
0.1007 	0 	9.98667
0.1008 	0 	9.98677
0.1009 	0 	9.98687
0.101 	0 	9.98696
0.1011 	0 	9.98706
0.1012 	0 	9.98715
0.1013 	0 	9.98724
0.1014 	0 	9.98734
0.1015 	0 	9.98743
0.1016 	0 	9.98752
0.1017 	0 	9.98761
0.1018 	0 	9.9877
0.1019 	0 	9.98779
0.102 	0 	9.98788
0.1021 	0 	9.98797
0.1022 	0 	9.98805
0.1023 	0 	9.98814
0.1024 	0 	9.98823
0.1025 	0 	9.98831
0.1026 	0 	9.9884
0.1027 	0 	9.98848
0.1028 	0 	9.98857
0.1029 	0 	9.98865
0.103 	0 	9.98873
0.1031 	0 	9.98881
0.1032 	0 	9.9889
0.1033 	0 	9.98898
0.1034 	0 	9.98906
0.1035 	0 	9.98914
0.1036 	0 	9.98921
0.1037 	0 	9.98929
0.1038 	0 	9.98937
0.1039 	0 	9.98945
0.104 	0 	9.98952
0.1041 	0 	9.9896
0.1042 	0 	9.98968
0.1043 	0 	9.98975
0.1044 	0 	9.98983
0.1045 	0 	9.9899
0.1046 	0 	9.98997
0.1047 	0 	9.99005
0.1048 	0 	9.99012
0.1049 	0 	9.99019
0.105 	0 	9.99026
0.1051 	0 	9.99033
0.1052 	0 	9.9904
0.1053 	0 	9.99047
0.1054 	0 	9.99054
0.1055 	0 	9.99061
0.1056 	0 	9.99068
0.1057 	0 	9.99075
0.1058 	0 	9.99081
0.1059 	0 	9.99088
0.106 	0 	9.99095
0.1061 	0 	9.99101
0.1062 	0 	9.99108
0.1063 	0 	9.99114
0.1064 	0 	9.99121
0.1065 	0 	9.99127
0.1066 	0 	9.99134
0.1067 	0 	9.9914
0.1068 	0 	9.99146
0.1069 	0 	9.99152
0.107 	0 	9.99158
0.1071 	0 	9.99165
0.1072 	0 	9.99171
0.1073 	0 	9.99177
0.1074 	0 	9.99183
0.1075 	0 	9.99189
0.1076 	0 	9.99195
0.1077 	0 	9.992
0.1078 	0 	9.99206
0.1079 	0 	9.99212
0.108 	0 	9.99218
0.1081 	0 	9.99223
0.1082 	0 	9.99229
0.1083 	0 	9.99235
0.1084 	0 	9.9924
0.1085 	0 	9.99246
0.1086 	0 	9.99251
0.1087 	0 	9.99257
0.1088 	0 	9.99262
0.1089 	0 	9.99267
0.109 	0 	9.99273
0.1091 	0 	9.99278
0.1092 	0 	9.99283
0.1093 	0 	9.99289
0.1094 	0 	9.99294
0.1095 	0 	9.99299
0.1096 	0 	9.99304
0.1097 	0 	9.99309
0.1098 	0 	9.99314
0.1099 	0 	9.99319
0.11 	0 	9.99324
0.1101 	0 	9.99329
0.1102 	0 	9.99334
0.1103 	0 	9.99339
0.1104 	0 	9.99343
0.1105 	0 	9.99348
0.1106 	0 	9.99353
0.1107 	0 	9.99358
0.1108 	0 	9.99362
0.1109 	0 	9.99367
0.111 	0 	9.99372
0.1111 	0 	9.99376
0.1112 	0 	9.99381
0.1113 	0 	9.99385
0.1114 	0 	9.9939
0.1115 	0 	9.99394
0.1116 	0 	9.99399
0.1117 	0 	9.99403
0.1118 	0 	9.99407
0.1119 	0 	9.99412
0.112 	0 	9.99416
0.1121 	0 	9.9942
0.1122 	0 	9.99424
0.1123 	0 	9.99428
0.1124 	0 	9.99433
0.1125 	0 	9.99437
0.1126 	0 	9.99441
0.1127 	0 	9.99445
0.1128 	0 	9.99449
0.1129 	0 	9.99453
0.113 	0 	9.99457
0.1131 	0 	9.99461
0.1132 	0 	9.99465
0.1133 	0 	9.99469
0.1134 	0 	9.99473
0.1135 	0 	9.99476
0.1136 	0 	9.9948
0.1137 	0 	9.99484
0.1138 	0 	9.99488
0.1139 	0 	9.99491
0.114 	0 	9.99495
0.1141 	0 	9.99499
0.1142 	0 	9.99502
0.1143 	0 	9.99506
0.1144 	0 	9.9951
0.1145 	0 	9.99513
0.1146 	0 	9.99517
0.1147 	0 	9.9952
0.1148 	0 	9.99524
0.1149 	0 	9.99527
0.115 	0 	9.99531
0.1151 	0 	9.99534
0.1152 	0 	9.99538
0.1153 	0 	9.99541
0.1154 	0 	9.99544
0.1155 	0 	9.99548
0.1156 	0 	9.99551
0.1157 	0 	9.99554
0.1158 	0 	9.99557
0.1159 	0 	9.99561
0.116 	0 	9.99564
0.1161 	0 	9.99567
0.1162 	0 	9.9957
0.1163 	0 	9.99573
0.1164 	0 	9.99576
0.1165 	0 	9.99579
0.1166 	0 	9.99582
0.1167 	0 	9.99585
0.1168 	0 	9.99588
0.1169 	0 	9.99591
0.117 	0 	9.99594
0.1171 	0 	9.99597
0.1172 	0 	9.996
0.1173 	0 	9.99603
0.1174 	0 	9.99606
0.1175 	0 	9.99609
0.1176 	0 	9.99612
0.1177 	0 	9.99615
0.1178 	0 	9.99617
0.1179 	0 	9.9962
0.118 	0 	9.99623
0.1181 	0 	9.99626
0.1182 	0 	9.99628
0.1183 	0 	9.99631
0.1184 	0 	9.99634
0.1185 	0 	9.99637
0.1186 	0 	9.99639
0.1187 	0 	9.99642
0.1188 	0 	9.99644
0.1189 	0 	9.99647
0.119 	0 	9.9965
0.1191 	0 	9.99652
0.1192 	0 	9.99655
0.1193 	0 	9.99657
0.1194 	0 	9.9966
0.1195 	0 	9.99662
0.1196 	0 	9.99665
0.1197 	0 	9.99667
0.1198 	0 	9.99669
0.1199 	0 	9.99672
0.12 	0 	9.99674
0.1201 	0 	9.99677
0.1202 	0 	9.99679
0.1203 	0 	9.99681
0.1204 	0 	9.99684
0.1205 	0 	9.99686
0.1206 	0 	9.99688
0.1207 	0 	9.9969
0.1208 	0 	9.99693
0.1209 	0 	9.99695
0.121 	0 	9.99697
0.1211 	0 	9.99699
0.1212 	0 	9.99702
0.1213 	0 	9.99704
0.1214 	0 	9.99706
0.1215 	0 	9.99708
0.1216 	0 	9.9971
0.1217 	0 	9.99712
0.1218 	0 	9.99714
0.1219 	0 	9.99716
0.122 	0 	9.99718
0.1221 	0 	9.99721
0.1222 	0 	9.99723
0.1223 	0 	9.99725
0.1224 	0 	9.99727
0.1225 	0 	9.99729
0.1226 	0 	9.99731
0.1227 	0 	9.99732
0.1228 	0 	9.99734
0.1229 	0 	9.99736
0.123 	0 	9.99738
0.1231 	0 	9.9974
0.1232 	0 	9.99742
0.1233 	0 	9.99744
0.1234 	0 	9.99746
0.1235 	0 	9.99748
0.1236 	0 	9.99749
0.1237 	0 	9.99751
0.1238 	0 	9.99753
0.1239 	0 	9.99755
0.124 	0 	9.99757
0.1241 	0 	9.99758
0.1242 	0 	9.9976
0.1243 	0 	9.99762
0.1244 	0 	9.99764
0.1245 	0 	9.99765
0.1246 	0 	9.99767
0.1247 	0 	9.99769
0.1248 	0 	9.9977
0.1249 	0 	9.99772
0.125 	0 	9.99774
0.1251 	0 	9.99775
0.1252 	0 	9.99777
0.1253 	0 	9.99779
0.1254 	0 	9.9978
0.1255 	0 	9.99782
0.1256 	0 	9.99784
0.1257 	0 	9.99785
0.1258 	0 	9.99787
0.1259 	0 	9.99788
0.126 	0 	9.9979
0.1261 	0 	9.99791
0.1262 	0 	9.99793
0.1263 	0 	9.99794
0.1264 	0 	9.99796
0.1265 	0 	9.99797
0.1266 	0 	9.99799
0.1267 	0 	9.998
0.1268 	0 	9.99802
0.1269 	0 	9.99803
0.127 	0 	9.99805
0.1271 	0 	9.99806
0.1272 	0 	9.99807
0.1273 	0 	9.99809
0.1274 	0 	9.9981
0.1275 	0 	9.99812
0.1276 	0 	9.99813
0.1277 	0 	9.99814
0.1278 	0 	9.99816
0.1279 	0 	9.99817
0.128 	0 	9.99818
0.1281 	0 	9.9982
0.1282 	0 	9.99821
0.1283 	0 	9.99822
0.1284 	0 	9.99824
0.1285 	0 	9.99825
0.1286 	0 	9.99826
0.1287 	0 	9.99827
0.1288 	0 	9.99829
0.1289 	0 	9.9983
0.129 	0 	9.99831
0.1291 	0 	9.99832
0.1292 	0 	9.99834
0.1293 	0 	9.99835
0.1294 	0 	9.99836
0.1295 	0 	9.99837
0.1296 	0 	9.99838
0.1297 	0 	9.9984
0.1298 	0 	9.99841
0.1299 	0 	9.99842
0.13 	0 	9.99843
0.1301 	0 	9.99844
0.1302 	0 	9.99845
0.1303 	0 	9.99846
0.1304 	0 	9.99848
0.1305 	0 	9.99849
0.1306 	0 	9.9985
0.1307 	0 	9.99851
0.1308 	0 	9.99852
0.1309 	0 	9.99853
0.131 	0 	9.99854
0.1311 	0 	9.99855
0.1312 	0 	9.99856
0.1313 	0 	9.99857
0.1314 	0 	9.99858
0.1315 	0 	9.99859
0.1316 	0 	9.9986
0.1317 	0 	9.99861
0.1318 	0 	9.99862
0.1319 	0 	9.99863
0.132 	0 	9.99864
0.1321 	0 	9.99865
0.1322 	0 	9.99866
0.1323 	0 	9.99867
0.1324 	0 	9.99868
0.1325 	0 	9.99869
0.1326 	0 	9.9987
0.1327 	0 	9.99871
0.1328 	0 	9.99872
0.1329 	0 	9.99873
0.133 	0 	9.99874
0.1331 	0 	9.99875
0.1332 	0 	9.99876
0.1333 	0 	9.99877
0.1334 	0 	9.99877
0.1335 	0 	9.99878
0.1336 	0 	9.99879
0.1337 	0 	9.9988
0.1338 	0 	9.99881
0.1339 	0 	9.99882
0.134 	0 	9.99883
0.1341 	0 	9.99884
0.1342 	0 	9.99884
0.1343 	0 	9.99885
0.1344 	0 	9.99886
0.1345 	0 	9.99887
0.1346 	0 	9.99888
0.1347 	0 	9.99889
0.1348 	0 	9.99889
0.1349 	0 	9.9989
0.135 	0 	9.99891
0.1351 	0 	9.99892
0.1352 	0 	9.99893
0.1353 	0 	9.99893
0.1354 	0 	9.99894
0.1355 	0 	9.99895
0.1356 	0 	9.99896
0.1357 	0 	9.99896
0.1358 	0 	9.99897
0.1359 	0 	9.99898
0.136 	0 	9.99899
0.1361 	0 	9.99899
0.1362 	0 	9.999
0.1363 	0 	9.99901
0.1364 	0 	9.99902
0.1365 	0 	9.99902
0.1366 	0 	9.99903
0.1367 	0 	9.99904
0.1368 	0 	9.99904
0.1369 	0 	9.99905
0.137 	0 	9.99906
0.1371 	0 	9.99906
0.1372 	0 	9.99907
0.1373 	0 	9.99908
0.1374 	0 	9.99909
0.1375 	0 	9.99909
0.1376 	0 	9.9991
0.1377 	0 	9.9991
0.1378 	0 	9.99911
0.1379 	0 	9.99912
0.138 	0 	9.99912
0.1381 	0 	9.99913
0.1382 	0 	9.99914
0.1383 	0 	9.99914
0.1384 	0 	9.99915
0.1385 	0 	9.99916
0.1386 	0 	9.99916
0.1387 	0 	9.99917
0.1388 	0 	9.99917
0.1389 	0 	9.99918
0.139 	0 	9.99919
0.1391 	0 	9.99919
0.1392 	0 	9.9992
0.1393 	0 	9.9992
0.1394 	0 	9.99921
0.1395 	0 	9.99922
0.1396 	0 	9.99922
0.1397 	0 	9.99923
0.1398 	0 	9.99923
0.1399 	0 	9.99924
0.14 	0 	9.99924
0.1401 	0 	9.99925
0.1402 	0 	9.99925
0.1403 	0 	9.99926
0.1404 	0 	9.99927
0.1405 	0 	9.99927
0.1406 	0 	9.99928
0.1407 	0 	9.99928
0.1408 	0 	9.99929
0.1409 	0 	9.99929
0.141 	0 	9.9993
0.1411 	0 	9.9993
0.1412 	0 	9.99931
0.1413 	0 	9.99931
0.1414 	0 	9.99932
0.1415 	0 	9.99932
0.1416 	0 	9.99933
0.1417 	0 	9.99933
0.1418 	0 	9.99934
0.1419 	0 	9.99934
0.142 	0 	9.99935
0.1421 	0 	9.99935
0.1422 	0 	9.99936
0.1423 	0 	9.99936
0.1424 	0 	9.99936
0.1425 	0 	9.99937
0.1426 	0 	9.99937
0.1427 	0 	9.99938
0.1428 	0 	9.99938
0.1429 	0 	9.99939
0.143 	0 	9.99939
0.1431 	0 	9.9994
0.1432 	0 	9.9994
0.1433 	0 	9.99941
0.1434 	0 	9.99941
0.1435 	0 	9.99941
0.1436 	0 	9.99942
0.1437 	0 	9.99942
0.1438 	0 	9.99943
0.1439 	0 	9.99943
0.144 	0 	9.99943
0.1441 	0 	9.99944
0.1442 	0 	9.99944
0.1443 	0 	9.99945
0.1444 	0 	9.99945
0.1445 	0 	9.99946
0.1446 	0 	9.99946
0.1447 	0 	9.99946
0.1448 	0 	9.99947
0.1449 	0 	9.99947
0.145 	0 	9.99947
0.1451 	0 	9.99948
0.1452 	0 	9.99948
0.1453 	0 	9.99949
0.1454 	0 	9.99949
0.1455 	0 	9.99949
0.1456 	0 	9.9995
0.1457 	0 	9.9995
0.1458 	0 	9.9995
0.1459 	0 	9.99951
0.146 	0 	9.99951
0.1461 	0 	9.99952
0.1462 	0 	9.99952
0.1463 	0 	9.99952
0.1464 	0 	9.99953
0.1465 	0 	9.99953
0.1466 	0 	9.99953
0.1467 	0 	9.99954
0.1468 	0 	9.99954
0.1469 	0 	9.99954
0.147 	0 	9.99955
0.1471 	0 	9.99955
0.1472 	0 	9.99955
0.1473 	0 	9.99956
0.1474 	0 	9.99956
0.1475 	0 	9.99956
0.1476 	0 	9.99957
0.1477 	0 	9.99957
0.1478 	0 	9.99957
0.1479 	0 	9.99957
0.148 	0 	9.99958
0.1481 	0 	9.99958
0.1482 	0 	9.99958
0.1483 	0 	9.99959
0.1484 	0 	9.99959
0.1485 	0 	9.99959
0.1486 	0 	9.9996
0.1487 	0 	9.9996
0.1488 	0 	9.9996
0.1489 	0 	9.9996
0.149 	0 	9.99961
0.1491 	0 	9.99961
0.1492 	0 	9.99961
0.1493 	0 	9.99962
0.1494 	0 	9.99962
0.1495 	0 	9.99962
0.1496 	0 	9.99962
0.1497 	0 	9.99963
0.1498 	0 	9.99963
0.1499 	0 	9.99963
0.15 	0 	9.99964
0.1501 	0 	9.99964
0.1502 	0 	9.99964
0.1503 	0 	9.99964
0.1504 	0 	9.99965
0.1505 	0 	9.99965
0.1506 	0 	9.99965
0.1507 	0 	9.99965
0.1508 	0 	9.99966
0.1509 	0 	9.99966
0.151 	0 	9.99966
0.1511 	0 	9.99966
0.1512 	0 	9.99967
0.1513 	0 	9.99967
0.1514 	0 	9.99967
0.1515 	0 	9.99967
0.1516 	0 	9.99968
0.1517 	0 	9.99968
0.1518 	0 	9.99968
0.1519 	0 	9.99968
0.152 	0 	9.99968
0.1521 	0 	9.99969
0.1522 	0 	9.99969
0.1523 	0 	9.99969
0.1524 	0 	9.99969
0.1525 	0 	9.9997
0.1526 	0 	9.9997
0.1527 	0 	9.9997
0.1528 	0 	9.9997
0.1529 	0 	9.9997
0.153 	0 	9.99971
0.1531 	0 	9.99971
0.1532 	0 	9.99971
0.1533 	0 	9.99971
0.1534 	0 	9.99972
0.1535 	0 	9.99972
0.1536 	0 	9.99972
0.1537 	0 	9.99972
0.1538 	0 	9.99972
0.1539 	0 	9.99973
0.154 	0 	9.99973
0.1541 	0 	9.99973
0.1542 	0 	9.99973
0.1543 	0 	9.99973
0.1544 	0 	9.99974
0.1545 	0 	9.99974
0.1546 	0 	9.99974
0.1547 	0 	9.99974
0.1548 	0 	9.99974
0.1549 	0 	9.99974
0.155 	0 	9.99975
0.1551 	0 	9.99975
0.1552 	0 	9.99975
0.1553 	0 	9.99975
0.1554 	0 	9.99975
0.1555 	0 	9.99976
0.1556 	0 	9.99976
0.1557 	0 	9.99976
0.1558 	0 	9.99976
0.1559 	0 	9.99976
0.156 	0 	9.99976
0.1561 	0 	9.99977
0.1562 	0 	9.99977
0.1563 	0 	9.99977
0.1564 	0 	9.99977
0.1565 	0 	9.99977
0.1566 	0 	9.99977
0.1567 	0 	9.99978
0.1568 	0 	9.99978
0.1569 	0 	9.99978
0.157 	0 	9.99978
0.1571 	0 	9.99978
0.1572 	0 	9.99978
0.1573 	0 	9.99979
0.1574 	0 	9.99979
0.1575 	0 	9.99979
0.1576 	0 	9.99979
0.1577 	0 	9.99979
0.1578 	0 	9.99979
0.1579 	0 	9.9998
0.158 	0 	9.9998
0.1581 	0 	9.9998
0.1582 	0 	9.9998
0.1583 	0 	9.9998
0.1584 	0 	9.9998
0.1585 	0 	9.9998
0.1586 	0 	9.99981
0.1587 	0 	9.99981
0.1588 	0 	9.99981
0.1589 	0 	9.99981
0.159 	0 	9.99981
0.1591 	0 	9.99981
0.1592 	0 	9.99981
0.1593 	0 	9.99982
0.1594 	0 	9.99982
0.1595 	0 	9.99982
0.1596 	0 	9.99982
0.1597 	0 	9.99982
0.1598 	0 	9.99982
0.1599 	0 	9.99982
0.16 	0 	9.99982
0.1601 	0 	9.99983
0.1602 	0 	9.99983
0.1603 	0 	9.99983
0.1604 	0 	9.99983
0.1605 	0 	9.99983
0.1606 	0 	9.99983
0.1607 	0 	9.99983
0.1608 	0 	9.99983
0.1609 	0 	9.99984
0.161 	0 	9.99984
0.1611 	0 	9.99984
0.1612 	0 	9.99984
0.1613 	0 	9.99984
0.1614 	0 	9.99984
0.1615 	0 	9.99984
0.1616 	0 	9.99984
0.1617 	0 	9.99984
0.1618 	0 	9.99985
0.1619 	0 	9.99985
0.162 	0 	9.99985
0.1621 	0 	9.99985
0.1622 	0 	9.99985
0.1623 	0 	9.99985
0.1624 	0 	9.99985
0.1625 	0 	9.99985
0.1626 	0 	9.99985
0.1627 	0 	9.99986
0.1628 	0 	9.99986
0.1629 	0 	9.99986
0.163 	0 	9.99986
0.1631 	0 	9.99986
0.1632 	0 	9.99986
0.1633 	0 	9.99986
0.1634 	0 	9.99986
0.1635 	0 	9.99986
0.1636 	0 	9.99986
0.1637 	0 	9.99987
0.1638 	0 	9.99987
0.1639 	0 	9.99987
0.164 	0 	9.99987
0.1641 	0 	9.99987
0.1642 	0 	9.99987
0.1643 	0 	9.99987
0.1644 	0 	9.99987
0.1645 	0 	9.99987
0.1646 	0 	9.99987
0.1647 	0 	9.99988
0.1648 	0 	9.99988
0.1649 	0 	9.99988
0.165 	0 	9.99988
0.1651 	0 	9.99988
0.1652 	0 	9.99988
0.1653 	0 	9.99988
0.1654 	0 	9.99988
0.1655 	0 	9.99988
0.1656 	0 	9.99988
0.1657 	0 	9.99988
0.1658 	0 	9.99988
0.1659 	0 	9.99989
0.166 	0 	9.99989
0.1661 	0 	9.99989
0.1662 	0 	9.99989
0.1663 	0 	9.99989
0.1664 	0 	9.99989
0.1665 	0 	9.99989
0.1666 	0 	9.99989
0.1667 	0 	9.99989
0.1668 	0 	9.99989
0.1669 	0 	9.99989
0.167 	0 	9.99989
0.1671 	0 	9.9999
0.1672 	0 	9.9999
0.1673 	0 	9.9999
0.1674 	0 	9.9999
0.1675 	0 	9.9999
0.1676 	0 	9.9999
0.1677 	0 	9.9999
0.1678 	0 	9.9999
0.1679 	0 	9.9999
0.168 	0 	9.9999
0.1681 	0 	9.9999
0.1682 	0 	9.9999
0.1683 	0 	9.9999
0.1684 	0 	9.9999
0.1685 	0 	9.99991
0.1686 	0 	9.99991
0.1687 	0 	9.99991
0.1688 	0 	9.99991
0.1689 	0 	9.99991
0.169 	0 	9.99991
0.1691 	0 	9.99991
0.1692 	0 	9.99991
0.1693 	0 	9.99991
0.1694 	0 	9.99991
0.1695 	0 	9.99991
0.1696 	0 	9.99991
0.1697 	0 	9.99991
0.1698 	0 	9.99991
0.1699 	0 	9.99991
0.17 	0 	9.99992
0.1701 	0 	9.99992
0.1702 	0 	9.99992
0.1703 	0 	9.99992
0.1704 	0 	9.99992
0.1705 	0 	9.99992
0.1706 	0 	9.99992
0.1707 	0 	9.99992
0.1708 	0 	9.99992
0.1709 	0 	9.99992
0.171 	0 	9.99992
0.1711 	0 	9.99992
0.1712 	0 	9.99992
0.1713 	0 	9.99992
0.1714 	0 	9.99992
0.1715 	0 	9.99992
0.1716 	0 	9.99992
0.1717 	0 	9.99993
0.1718 	0 	9.99993
0.1719 	0 	9.99993
0.172 	0 	9.99993
0.1721 	0 	9.99993
0.1722 	0 	9.99993
0.1723 	0 	9.99993
0.1724 	0 	9.99993
0.1725 	0 	9.99993
0.1726 	0 	9.99993
0.1727 	0 	9.99993
0.1728 	0 	9.99993
0.1729 	0 	9.99993
0.173 	0 	9.99993
0.1731 	0 	9.99993
0.1732 	0 	9.99993
0.1733 	0 	9.99993
0.1734 	0 	9.99993
0.1735 	0 	9.99993
0.1736 	0 	9.99993
0.1737 	0 	9.99994
0.1738 	0 	9.99994
0.1739 	0 	9.99994
0.174 	0 	9.99994
0.1741 	0 	9.99994
0.1742 	0 	9.99994
0.1743 	0 	9.99994
0.1744 	0 	9.99994
0.1745 	0 	9.99994
0.1746 	0 	9.99994
0.1747 	0 	9.99994
0.1748 	0 	9.99994
0.1749 	0 	9.99994
0.175 	0 	9.99994
0.1751 	0 	9.99994
0.1752 	0 	9.99994
0.1753 	0 	9.99994
0.1754 	0 	9.99994
0.1755 	0 	9.99994
0.1756 	0 	9.99994
0.1757 	0 	9.99994
0.1758 	0 	9.99994
0.1759 	0 	9.99994
0.176 	0 	9.99995
0.1761 	0 	9.99995
0.1762 	0 	9.99995
0.1763 	0 	9.99995
0.1764 	0 	9.99995
0.1765 	0 	9.99995
0.1766 	0 	9.99995
0.1767 	0 	9.99995
0.1768 	0 	9.99995
0.1769 	0 	9.99995
0.177 	0 	9.99995
0.1771 	0 	9.99995
0.1772 	0 	9.99995
0.1773 	0 	9.99995
0.1774 	0 	9.99995
0.1775 	0 	9.99995
0.1776 	0 	9.99995
0.1777 	0 	9.99995
0.1778 	0 	9.99995
0.1779 	0 	9.99995
0.178 	0 	9.99995
0.1781 	0 	9.99995
0.1782 	0 	9.99995
0.1783 	0 	9.99995
0.1784 	0 	9.99995
0.1785 	0 	9.99995
0.1786 	0 	9.99995
0.1787 	0 	9.99996
0.1788 	0 	9.99996
0.1789 	0 	9.99996
0.179 	0 	9.99996
0.1791 	0 	9.99996
0.1792 	0 	9.99996
0.1793 	0 	9.99996
0.1794 	0 	9.99996
0.1795 	0 	9.99996
0.1796 	0 	9.99996
0.1797 	0 	9.99996
0.1798 	0 	9.99996
0.1799 	0 	9.99996
0.18 	0 	9.99996
0.1801 	0 	9.99996
0.1802 	0 	9.99996
0.1803 	0 	9.99996
0.1804 	0 	9.99996
0.1805 	0 	9.99996
0.1806 	0 	9.99996
0.1807 	0 	9.99996
0.1808 	0 	9.99996
0.1809 	0 	9.99996
0.181 	0 	9.99996
0.1811 	0 	9.99996
0.1812 	0 	9.99996
0.1813 	0 	9.99996
0.1814 	0 	9.99996
0.1815 	0 	9.99996
0.1816 	0 	9.99996
0.1817 	0 	9.99996
0.1818 	0 	9.99996
0.1819 	0 	9.99996
0.182 	0 	9.99996
0.1821 	0 	9.99996
0.1822 	0 	9.99997
0.1823 	0 	9.99997
0.1824 	0 	9.99997
0.1825 	0 	9.99997
0.1826 	0 	9.99997
0.1827 	0 	9.99997
0.1828 	0 	9.99997
0.1829 	0 	9.99997
0.183 	0 	9.99997
0.1831 	0 	9.99997
0.1832 	0 	9.99997
0.1833 	0 	9.99997
0.1834 	0 	9.99997
0.1835 	0 	9.99997
0.1836 	0 	9.99997
0.1837 	0 	9.99997
0.1838 	0 	9.99997
0.1839 	0 	9.99997
0.184 	0 	9.99997
0.1841 	0 	9.99997
0.1842 	0 	9.99997
0.1843 	0 	9.99997
0.1844 	0 	9.99997
0.1845 	0 	9.99997
0.1846 	0 	9.99997
0.1847 	0 	9.99997
0.1848 	0 	9.99997
0.1849 	0 	9.99997
0.185 	0 	9.99997
0.1851 	0 	9.99997
0.1852 	0 	9.99997
0.1853 	0 	9.99997
0.1854 	0 	9.99997
0.1855 	0 	9.99997
0.1856 	0 	9.99997
0.1857 	0 	9.99997
0.1858 	0 	9.99997
0.1859 	0 	9.99997
0.186 	0 	9.99997
0.1861 	0 	9.99997
0.1862 	0 	9.99997
0.1863 	0 	9.99997
0.1864 	0 	9.99997
0.1865 	0 	9.99997
0.1866 	0 	9.99997
0.1867 	0 	9.99997
0.1868 	0 	9.99998
0.1869 	0 	9.99998
0.187 	0 	9.99998
0.1871 	0 	9.99998
0.1872 	0 	9.99998
0.1873 	0 	9.99998
0.1874 	0 	9.99998
0.1875 	0 	9.99998
0.1876 	0 	9.99998
0.1877 	0 	9.99998
0.1878 	0 	9.99998
0.1879 	0 	9.99998
0.188 	0 	9.99998
0.1881 	0 	9.99998
0.1882 	0 	9.99998
0.1883 	0 	9.99998
0.1884 	0 	9.99998
0.1885 	0 	9.99998
0.1886 	0 	9.99998
0.1887 	0 	9.99998
0.1888 	0 	9.99998
0.1889 	0 	9.99998
0.189 	0 	9.99998
0.1891 	0 	9.99998
0.1892 	0 	9.99998
0.1893 	0 	9.99998
0.1894 	0 	9.99998
0.1895 	0 	9.99998
0.1896 	0 	9.99998
0.1897 	0 	9.99998
0.1898 	0 	9.99998
0.1899 	0 	9.99998
0.19 	0 	9.99998
0.1901 	0 	9.99998
0.1902 	0 	9.99998
0.1903 	0 	9.99998
0.1904 	0 	9.99998
0.1905 	0 	9.99998
0.1906 	0 	9.99998
0.1907 	0 	9.99998
0.1908 	0 	9.99998
0.1909 	0 	9.99998
0.191 	0 	9.99998
0.1911 	0 	9.99998
0.1912 	0 	9.99998
0.1913 	0 	9.99998
0.1914 	0 	9.99998
0.1915 	0 	9.99998
0.1916 	0 	9.99998
0.1917 	0 	9.99998
0.1918 	0 	9.99998
0.1919 	0 	9.99998
0.192 	0 	9.99998
0.1921 	0 	9.99998
0.1922 	0 	9.99998
0.1923 	0 	9.99998
0.1924 	0 	9.99998
0.1925 	0 	9.99998
0.1926 	0 	9.99998
0.1927 	0 	9.99998
0.1928 	0 	9.99998
0.1929 	0 	9.99998
0.193 	0 	9.99998
0.1931 	0 	9.99998
0.1932 	0 	9.99998
0.1933 	0 	9.99998
0.1934 	0 	9.99998
0.1935 	0 	9.99998
0.1936 	0 	9.99998
0.1937 	0 	9.99998
0.1938 	0 	9.99999
0.1939 	0 	9.99999
0.194 	0 	9.99999
0.1941 	0 	9.99999
0.1942 	0 	9.99999
0.1943 	0 	9.99999
0.1944 	0 	9.99999
0.1945 	0 	9.99999
0.1946 	0 	9.99999
0.1947 	0 	9.99999
0.1948 	0 	9.99999
0.1949 	0 	9.99999
0.195 	0 	9.99999
0.1951 	0 	9.99999
0.1952 	0 	9.99999
0.1953 	0 	9.99999
0.1954 	0 	9.99999
0.1955 	0 	9.99999
0.1956 	0 	9.99999
0.1957 	0 	9.99999
0.1958 	0 	9.99999
0.1959 	0 	9.99999
0.196 	0 	9.99999
0.1961 	0 	9.99999
0.1962 	0 	9.99999
0.1963 	0 	9.99999
0.1964 	0 	9.99999
0.1965 	0 	9.99999
0.1966 	0 	9.99999
0.1967 	0 	9.99999
0.1968 	0 	9.99999
0.1969 	0 	9.99999
0.197 	0 	9.99999
0.1971 	0 	9.99999
0.1972 	0 	9.99999
0.1973 	0 	9.99999
0.1974 	0 	9.99999
0.1975 	0 	9.99999
0.1976 	0 	9.99999
0.1977 	0 	9.99999
0.1978 	0 	9.99999
0.1979 	0 	9.99999
0.198 	0 	9.99999
0.1981 	0 	9.99999
0.1982 	0 	9.99999
0.1983 	0 	9.99999
0.1984 	0 	9.99999
0.1985 	0 	9.99999
0.1986 	0 	9.99999
0.1987 	0 	9.99999
0.1988 	0 	9.99999
0.1989 	0 	9.99999
0.199 	0 	9.99999
0.1991 	0 	9.99999
0.1992 	0 	9.99999
0.1993 	0 	9.99999
0.1994 	0 	9.99999
0.1995 	0 	9.99999
0.1996 	0 	9.99999
0.1997 	0 	9.99999
0.1998 	0 	9.99999
0.1999 	0 	9.99999
0.2 	0 	9.99999
0.2001 	0 	9.99999
0.2002 	0 	9.99999
0.2003 	0 	9.99999
0.2004 	0 	9.99999
0.2005 	0 	9.99999
0.2006 	0 	9.99999
0.2007 	0 	9.99999
0.2008 	0 	9.99999
0.2009 	0 	9.99999
0.201 	0 	9.99999
0.2011 	0 	9.99999
0.2012 	0 	9.99999
0.2013 	0 	9.99999
0.2014 	0 	9.99999
0.2015 	0 	9.99999
0.2016 	0 	9.99999
0.2017 	0 	9.99999
0.2018 	0 	9.99999
0.2019 	0 	9.99999
0.202 	0 	9.99999
0.2021 	0 	9.99999
0.2022 	0 	9.99999
0.2023 	0 	9.99999
0.2024 	0 	9.99999
0.2025 	0 	9.99999
0.2026 	0 	9.99999
0.2027 	0 	9.99999
0.2028 	0 	9.99999
0.2029 	0 	9.99999
0.203 	0 	9.99999
0.2031 	0 	9.99999
0.2032 	0 	9.99999
0.2033 	0 	9.99999
0.2034 	0 	9.99999
0.2035 	0 	9.99999
0.2036 	0 	9.99999
0.2037 	0 	9.99999
0.2038 	0 	9.99999
0.2039 	0 	9.99999
0.204 	0 	9.99999
0.2041 	0 	9.99999
0.2042 	0 	9.99999
0.2043 	0 	9.99999
0.2044 	0 	9.99999
0.2045 	0 	9.99999
0.2046 	0 	9.99999
0.2047 	0 	9.99999
0.2048 	0 	9.99999
0.2049 	0 	9.99999
0.205 	0 	9.99999
0.2051 	0 	9.99999
0.2052 	0 	9.99999
0.2053 	0 	9.99999
0.2054 	0 	9.99999
0.2055 	0 	9.99999
0.2056 	0 	9.99999
0.2057 	0 	9.99999
0.2058 	0 	9.99999
0.2059 	0 	9.99999
0.206 	0 	9.99999
0.2061 	0 	9.99999
0.2062 	0 	9.99999
0.2063 	0 	9.99999
0.2064 	0 	9.99999
0.2065 	0 	9.99999
0.2066 	0 	9.99999
0.2067 	0 	9.99999
0.2068 	0 	9.99999
0.2069 	0 	9.99999
0.207 	0 	9.99999
0.2071 	0 	9.99999
0.2072 	0 	9.99999
0.2073 	0 	9.99999
0.2074 	0 	9.99999
0.2075 	0 	9.99999
0.2076 	0 	9.99999
0.2077 	0 	9.99999
0.2078 	0 	9.99999
0.2079 	0 	9.99999
0.208 	0 	9.99999
0.2081 	0 	9.99999
0.2082 	0 	9.99999
0.2083 	0 	9.99999
0.2084 	0 	9.99999
0.2085 	0 	9.99999
0.2086 	0 	9.99999
0.2087 	0 	9.99999
0.2088 	0 	10
0.2089 	0 	10
0.209 	0 	10
0.2091 	0 	10
0.2092 	0 	10
0.2093 	0 	10
0.2094 	0 	10
0.2095 	0 	10
0.2096 	0 	10
0.2097 	0 	10
0.2098 	0 	10
0.2099 	0 	10
0.21 	0 	10
0.2101 	0 	10
0.2102 	0 	10
0.2103 	0 	10
0.2104 	0 	10
0.2105 	0 	10
0.2106 	0 	10
0.2107 	0 	10
0.2108 	0 	10
0.2109 	0 	10
0.211 	0 	10
0.2111 	0 	10
0.2112 	0 	10
0.2113 	0 	10
0.2114 	0 	10
0.2115 	0 	10
0.2116 	0 	10
0.2117 	0 	10
0.2118 	0 	10
0.2119 	0 	10
0.212 	0 	10
0.2121 	0 	10
0.2122 	0 	10
0.2123 	0 	10
0.2124 	0 	10
0.2125 	0 	10
0.2126 	0 	10
0.2127 	0 	10
0.2128 	0 	10
0.2129 	0 	10
0.213 	0 	10
0.2131 	0 	10
0.2132 	0 	10
0.2133 	0 	10
0.2134 	0 	10
0.2135 	0 	10
0.2136 	0 	10
0.2137 	0 	10
0.2138 	0 	10
0.2139 	0 	10
0.214 	0 	10
0.2141 	0 	10
0.2142 	0 	10
0.2143 	0 	10
0.2144 	0 	10
0.2145 	0 	10
0.2146 	0 	10
0.2147 	0 	10
0.2148 	0 	10
0.2149 	0 	10
0.215 	0 	10
0.2151 	0 	10
0.2152 	0 	10
0.2153 	0 	10
0.2154 	0 	10
0.2155 	0 	10
0.2156 	0 	10
0.2157 	0 	10
0.2158 	0 	10
0.2159 	0 	10
0.216 	0 	10
0.2161 	0 	10
0.2162 	0 	10
0.2163 	0 	10
0.2164 	0 	10
0.2165 	0 	10
0.2166 	0 	10
0.2167 	0 	10
0.2168 	0 	10
0.2169 	0 	10
0.217 	0 	10
0.2171 	0 	10
0.2172 	0 	10
0.2173 	0 	10
0.2174 	0 	10
0.2175 	0 	10
0.2176 	0 	10
0.2177 	0 	10
0.2178 	0 	10
0.2179 	0 	10
0.218 	0 	10
0.2181 	0 	10
0.2182 	0 	10
0.2183 	0 	10
0.2184 	0 	10
0.2185 	0 	10
0.2186 	0 	10
0.2187 	0 	10
0.2188 	0 	10
0.2189 	0 	10
0.219 	0 	10
0.2191 	0 	10
0.2192 	0 	10
0.2193 	0 	10
0.2194 	0 	10
0.2195 	0 	10
0.2196 	0 	10
0.2197 	0 	10
0.2198 	0 	10
0.2199 	0 	10
0.22 	0 	10
0.2201 	0 	10
0.2202 	0 	10
0.2203 	0 	10
0.2204 	0 	10
0.2205 	0 	10
0.2206 	0 	10
0.2207 	0 	10
0.2208 	0 	10
0.2209 	0 	10
0.221 	0 	10
0.2211 	0 	10
0.2212 	0 	10
0.2213 	0 	10
0.2214 	0 	10
0.2215 	0 	10
0.2216 	0 	10
0.2217 	0 	10
0.2218 	0 	10
0.2219 	0 	10
0.222 	0 	10
0.2221 	0 	10
0.2222 	0 	10
0.2223 	0 	10
0.2224 	0 	10
0.2225 	0 	10
0.2226 	0 	10
0.2227 	0 	10
0.2228 	0 	10
0.2229 	0 	10
0.223 	0 	10
0.2231 	0 	10
0.2232 	0 	10
0.2233 	0 	10
0.2234 	0 	10
0.2235 	0 	10
0.2236 	0 	10
0.2237 	0 	10
0.2238 	0 	10
0.2239 	0 	10
0.224 	0 	10
0.2241 	0 	10
0.2242 	0 	10
0.2243 	0 	10
0.2244 	0 	10
0.2245 	0 	10
0.2246 	0 	10
0.2247 	0 	10
0.2248 	0 	10
0.2249 	0 	10
0.225 	0 	10
0.2251 	0 	10
0.2252 	0 	10
0.2253 	0 	10
0.2254 	0 	10
0.2255 	0 	10
0.2256 	0 	10
0.2257 	0 	10
0.2258 	0 	10
0.2259 	0 	10
0.226 	0 	10
0.2261 	0 	10
0.2262 	0 	10
0.2263 	0 	10
0.2264 	0 	10
0.2265 	0 	10
0.2266 	0 	10
0.2267 	0 	10
0.2268 	0 	10
0.2269 	0 	10
0.227 	0 	10
0.2271 	0 	10
0.2272 	0 	10
0.2273 	0 	10
0.2274 	0 	10
0.2275 	0 	10
0.2276 	0 	10
0.2277 	0 	10
0.2278 	0 	10
0.2279 	0 	10
0.228 	0 	10
0.2281 	0 	10
0.2282 	0 	10
0.2283 	0 	10
0.2284 	0 	10
0.2285 	0 	10
0.2286 	0 	10
0.2287 	0 	10
0.2288 	0 	10
0.2289 	0 	10
0.229 	0 	10
0.2291 	0 	10
0.2292 	0 	10
0.2293 	0 	10
0.2294 	0 	10
0.2295 	0 	10
0.2296 	0 	10
0.2297 	0 	10
0.2298 	0 	10
0.2299 	0 	10
0.23 	0 	10
0.2301 	0 	10
0.2302 	0 	10
0.2303 	0 	10
0.2304 	0 	10
0.2305 	0 	10
0.2306 	0 	10
0.2307 	0 	10
0.2308 	0 	10
0.2309 	0 	10
0.231 	0 	10
0.2311 	0 	10
0.2312 	0 	10
0.2313 	0 	10
0.2314 	0 	10
0.2315 	0 	10
0.2316 	0 	10
0.2317 	0 	10
0.2318 	0 	10
0.2319 	0 	10
0.232 	0 	10
0.2321 	0 	10
0.2322 	0 	10
0.2323 	0 	10
0.2324 	0 	10
0.2325 	0 	10
0.2326 	0 	10
0.2327 	0 	10
0.2328 	0 	10
0.2329 	0 	10
0.233 	0 	10
0.2331 	0 	10
0.2332 	0 	10
0.2333 	0 	10
0.2334 	0 	10
0.2335 	0 	10
0.2336 	0 	10
0.2337 	0 	10
0.2338 	0 	10
0.2339 	0 	10
0.234 	0 	10
0.2341 	0 	10
0.2342 	0 	10
0.2343 	0 	10
0.2344 	0 	10
0.2345 	0 	10
0.2346 	0 	10
0.2347 	0 	10
0.2348 	0 	10
0.2349 	0 	10
0.235 	0 	10
0.2351 	0 	10
0.2352 	0 	10
0.2353 	0 	10
0.2354 	0 	10
0.2355 	0 	10
0.2356 	0 	10
0.2357 	0 	10
0.2358 	0 	10
0.2359 	0 	10
0.236 	0 	10
0.2361 	0 	10
0.2362 	0 	10
0.2363 	0 	10
0.2364 	0 	10
0.2365 	0 	10
0.2366 	0 	10
0.2367 	0 	10
0.2368 	0 	10
0.2369 	0 	10
0.237 	0 	10
0.2371 	0 	10
0.2372 	0 	10
0.2373 	0 	10
0.2374 	0 	10
0.2375 	0 	10
0.2376 	0 	10
0.2377 	0 	10
0.2378 	0 	10
0.2379 	0 	10
0.238 	0 	10
0.2381 	0 	10
0.2382 	0 	10
0.2383 	0 	10
0.2384 	0 	10
0.2385 	0 	10
0.2386 	0 	10
0.2387 	0 	10
0.2388 	0 	10
0.2389 	0 	10
0.239 	0 	10
0.2391 	0 	10
0.2392 	0 	10
0.2393 	0 	10
0.2394 	0 	10
0.2395 	0 	10
0.2396 	0 	10
0.2397 	0 	10
0.2398 	0 	10
0.2399 	0 	10
0.24 	0 	10
0.2401 	0 	10
0.2402 	0 	10
0.2403 	0 	10
0.2404 	0 	10
0.2405 	0 	10
0.2406 	0 	10
0.2407 	0 	10
0.2408 	0 	10
0.2409 	0 	10
0.241 	0 	10
0.2411 	0 	10
0.2412 	0 	10
0.2413 	0 	10
0.2414 	0 	10
0.2415 	0 	10
0.2416 	0 	10
0.2417 	0 	10
0.2418 	0 	10
0.2419 	0 	10
0.242 	0 	10
0.2421 	0 	10
0.2422 	0 	10
0.2423 	0 	10
0.2424 	0 	10
0.2425 	0 	10
0.2426 	0 	10
0.2427 	0 	10
0.2428 	0 	10
0.2429 	0 	10
0.243 	0 	10
0.2431 	0 	10
0.2432 	0 	10
0.2433 	0 	10
0.2434 	0 	10
0.2435 	0 	10
0.2436 	0 	10
0.2437 	0 	10
0.2438 	0 	10
0.2439 	0 	10
0.244 	0 	10
0.2441 	0 	10
0.2442 	0 	10
0.2443 	0 	10
0.2444 	0 	10
0.2445 	0 	10
0.2446 	0 	10
0.2447 	0 	10
0.2448 	0 	10
0.2449 	0 	10
0.245 	0 	10
0.2451 	0 	10
0.2452 	0 	10
0.2453 	0 	10
0.2454 	0 	10
0.2455 	0 	10
0.2456 	0 	10
0.2457 	0 	10
0.2458 	0 	10
0.2459 	0 	10
0.246 	0 	10
0.2461 	0 	10
0.2462 	0 	10
0.2463 	0 	10
0.2464 	0 	10
0.2465 	0 	10
0.2466 	0 	10
0.2467 	0 	10
0.2468 	0 	10
0.2469 	0 	10
0.247 	0 	10
0.2471 	0 	10
0.2472 	0 	10
0.2473 	0 	10
0.2474 	0 	10
0.2475 	0 	10
0.2476 	0 	10
0.2477 	0 	10
0.2478 	0 	10
0.2479 	0 	10
0.248 	0 	10
0.2481 	0 	10
0.2482 	0 	10
0.2483 	0 	10
0.2484 	0 	10
0.2485 	0 	10
0.2486 	0 	10
0.2487 	0 	10
0.2488 	0 	10
0.2489 	0 	10
0.249 	0 	10
0.2491 	0 	10
0.2492 	0 	10
0.2493 	0 	10
0.2494 	0 	10
0.2495 	0 	10
0.2496 	0 	10
0.2497 	0 	10
0.2498 	0 	10
0.2499 	0 	10
0.25 	0 	10
0.2501 	0 	10
0.2502 	0 	10
0.2503 	0 	10
0.2504 	0 	10
0.2505 	0 	10
0.2506 	0 	10
0.2507 	0 	10
0.2508 	0 	10
0.2509 	0 	10
0.251 	0 	10
0.2511 	0 	10
0.2512 	0 	10
0.2513 	0 	10
0.2514 	0 	10
0.2515 	0 	10
0.2516 	0 	10
0.2517 	0 	10
0.2518 	0 	10
0.2519 	0 	10
0.252 	0 	10
0.2521 	0 	10
0.2522 	0 	10
0.2523 	0 	10
0.2524 	0 	10
0.2525 	0 	10
0.2526 	0 	10
0.2527 	0 	10
0.2528 	0 	10
0.2529 	0 	10
0.253 	0 	10
0.2531 	0 	10
0.2532 	0 	10
0.2533 	0 	10
0.2534 	0 	10
0.2535 	0 	10
0.2536 	0 	10
0.2537 	0 	10
0.2538 	0 	10
0.2539 	0 	10
0.254 	0 	10
0.2541 	0 	10
0.2542 	0 	10
0.2543 	0 	10
0.2544 	0 	10
0.2545 	0 	10
0.2546 	0 	10
0.2547 	0 	10
0.2548 	0 	10
0.2549 	0 	10
0.255 	0 	10
0.2551 	0 	10
0.2552 	0 	10
0.2553 	0 	10
0.2554 	0 	10
0.2555 	0 	10
0.2556 	0 	10
0.2557 	0 	10
0.2558 	0 	10
0.2559 	0 	10
0.256 	0 	10
0.2561 	0 	10
0.2562 	0 	10
0.2563 	0 	10
0.2564 	0 	10
0.2565 	0 	10
0.2566 	0 	10
0.2567 	0 	10
0.2568 	0 	10
0.2569 	0 	10
0.257 	0 	10
0.2571 	0 	10
0.2572 	0 	10
0.2573 	0 	10
0.2574 	0 	10
0.2575 	0 	10
0.2576 	0 	10
0.2577 	0 	10
0.2578 	0 	10
0.2579 	0 	10
0.258 	0 	10
0.2581 	0 	10
0.2582 	0 	10
0.2583 	0 	10
0.2584 	0 	10
0.2585 	0 	10
0.2586 	0 	10
0.2587 	0 	10
0.2588 	0 	10
0.2589 	0 	10
0.259 	0 	10
0.2591 	0 	10
0.2592 	0 	10
0.2593 	0 	10
0.2594 	0 	10
0.2595 	0 	10
0.2596 	0 	10
0.2597 	0 	10
0.2598 	0 	10
0.2599 	0 	10
0.26 	0 	10
0.2601 	0 	10
0.2602 	0 	10
0.2603 	0 	10
0.2604 	0 	10
0.2605 	0 	10
0.2606 	0 	10
0.2607 	0 	10
0.2608 	0 	10
0.2609 	0 	10
0.261 	0 	10
0.2611 	0 	10
0.2612 	0 	10
0.2613 	0 	10
0.2614 	0 	10
0.2615 	0 	10
0.2616 	0 	10
0.2617 	0 	10
0.2618 	0 	10
0.2619 	0 	10
0.262 	0 	10
0.2621 	0 	10
0.2622 	0 	10
0.2623 	0 	10
0.2624 	0 	10
0.2625 	0 	10
0.2626 	0 	10
0.2627 	0 	10
0.2628 	0 	10
0.2629 	0 	10
0.263 	0 	10
0.2631 	0 	10
0.2632 	0 	10
0.2633 	0 	10
0.2634 	0 	10
0.2635 	0 	10
0.2636 	0 	10
0.2637 	0 	10
0.2638 	0 	10
0.2639 	0 	10
0.264 	0 	10
0.2641 	0 	10
0.2642 	0 	10
0.2643 	0 	10
0.2644 	0 	10
0.2645 	0 	10
0.2646 	0 	10
0.2647 	0 	10
0.2648 	0 	10
0.2649 	0 	10
0.265 	0 	10
0.2651 	0 	10
0.2652 	0 	10
0.2653 	0 	10
0.2654 	0 	10
0.2655 	0 	10
0.2656 	0 	10
0.2657 	0 	10
0.2658 	0 	10
0.2659 	0 	10
0.266 	0 	10
0.2661 	0 	10
0.2662 	0 	10
0.2663 	0 	10
0.2664 	0 	10
0.2665 	0 	10
0.2666 	0 	10
0.2667 	0 	10
0.2668 	0 	10
0.2669 	0 	10
0.267 	0 	10
0.2671 	0 	10
0.2672 	0 	10
0.2673 	0 	10
0.2674 	0 	10
0.2675 	0 	10
0.2676 	0 	10
0.2677 	0 	10
0.2678 	0 	10
0.2679 	0 	10
0.268 	0 	10
0.2681 	0 	10
0.2682 	0 	10
0.2683 	0 	10
0.2684 	0 	10
0.2685 	0 	10
0.2686 	0 	10
0.2687 	0 	10
0.2688 	0 	10
0.2689 	0 	10
0.269 	0 	10
0.2691 	0 	10
0.2692 	0 	10
0.2693 	0 	10
0.2694 	0 	10
0.2695 	0 	10
0.2696 	0 	10
0.2697 	0 	10
0.2698 	0 	10
0.2699 	0 	10
0.27 	0 	10
0.2701 	0 	10
0.2702 	0 	10
0.2703 	0 	10
0.2704 	0 	10
0.2705 	0 	10
0.2706 	0 	10
0.2707 	0 	10
0.2708 	0 	10
0.2709 	0 	10
0.271 	0 	10
0.2711 	0 	10
0.2712 	0 	10
0.2713 	0 	10
0.2714 	0 	10
0.2715 	0 	10
0.2716 	0 	10
0.2717 	0 	10
0.2718 	0 	10
0.2719 	0 	10
0.272 	0 	10
0.2721 	0 	10
0.2722 	0 	10
0.2723 	0 	10
0.2724 	0 	10
0.2725 	0 	10
0.2726 	0 	10
0.2727 	0 	10
0.2728 	0 	10
0.2729 	0 	10
0.273 	0 	10
0.2731 	0 	10
0.2732 	0 	10
0.2733 	0 	10
0.2734 	0 	10
0.2735 	0 	10
0.2736 	0 	10
0.2737 	0 	10
0.2738 	0 	10
0.2739 	0 	10
0.274 	0 	10
0.2741 	0 	10
0.2742 	0 	10
0.2743 	0 	10
0.2744 	0 	10
0.2745 	0 	10
0.2746 	0 	10
0.2747 	0 	10
0.2748 	0 	10
0.2749 	0 	10
0.275 	0 	10
0.2751 	0 	10
0.2752 	0 	10
0.2753 	0 	10
0.2754 	0 	10
0.2755 	0 	10
0.2756 	0 	10
0.2757 	0 	10
0.2758 	0 	10
0.2759 	0 	10
0.276 	0 	10
0.2761 	0 	10
0.2762 	0 	10
0.2763 	0 	10
0.2764 	0 	10
0.2765 	0 	10
0.2766 	0 	10
0.2767 	0 	10
0.2768 	0 	10
0.2769 	0 	10
0.277 	0 	10
0.2771 	0 	10
0.2772 	0 	10
0.2773 	0 	10
0.2774 	0 	10
0.2775 	0 	10
0.2776 	0 	10
0.2777 	0 	10
0.2778 	0 	10
0.2779 	0 	10
0.278 	0 	10
0.2781 	0 	10
0.2782 	0 	10
0.2783 	0 	10
0.2784 	0 	10
0.2785 	0 	10
0.2786 	0 	10
0.2787 	0 	10
0.2788 	0 	10
0.2789 	0 	10
0.279 	0 	10
0.2791 	0 	10
0.2792 	0 	10
0.2793 	0 	10
0.2794 	0 	10
0.2795 	0 	10
0.2796 	0 	10
0.2797 	0 	10
0.2798 	0 	10
0.2799 	0 	10
0.28 	0 	10
0.2801 	0 	10
0.2802 	0 	10
0.2803 	0 	10
0.2804 	0 	10
0.2805 	0 	10
0.2806 	0 	10
0.2807 	0 	10
0.2808 	0 	10
0.2809 	0 	10
0.281 	0 	10
0.2811 	0 	10
0.2812 	0 	10
0.2813 	0 	10
0.2814 	0 	10
0.2815 	0 	10
0.2816 	0 	10
0.2817 	0 	10
0.2818 	0 	10
0.2819 	0 	10
0.282 	0 	10
0.2821 	0 	10
0.2822 	0 	10
0.2823 	0 	10
0.2824 	0 	10
0.2825 	0 	10
0.2826 	0 	10
0.2827 	0 	10
0.2828 	0 	10
0.2829 	0 	10
0.283 	0 	10
0.2831 	0 	10
0.2832 	0 	10
0.2833 	0 	10
0.2834 	0 	10
0.2835 	0 	10
0.2836 	0 	10
0.2837 	0 	10
0.2838 	0 	10
0.2839 	0 	10
0.284 	0 	10
0.2841 	0 	10
0.2842 	0 	10
0.2843 	0 	10
0.2844 	0 	10
0.2845 	0 	10
0.2846 	0 	10
0.2847 	0 	10
0.2848 	0 	10
0.2849 	0 	10
0.285 	0 	10
0.2851 	0 	10
0.2852 	0 	10
0.2853 	0 	10
0.2854 	0 	10
0.2855 	0 	10
0.2856 	0 	10
0.2857 	0 	10
0.2858 	0 	10
0.2859 	0 	10
0.286 	0 	10
0.2861 	0 	10
0.2862 	0 	10
0.2863 	0 	10
0.2864 	0 	10
0.2865 	0 	10
0.2866 	0 	10
0.2867 	0 	10
0.2868 	0 	10
0.2869 	0 	10
0.287 	0 	10
0.2871 	0 	10
0.2872 	0 	10
0.2873 	0 	10
0.2874 	0 	10
0.2875 	0 	10
0.2876 	0 	10
0.2877 	0 	10
0.2878 	0 	10
0.2879 	0 	10
0.288 	0 	10
0.2881 	0 	10
0.2882 	0 	10
0.2883 	0 	10
0.2884 	0 	10
0.2885 	0 	10
0.2886 	0 	10
0.2887 	0 	10
0.2888 	0 	10
0.2889 	0 	10
0.289 	0 	10
0.2891 	0 	10
0.2892 	0 	10
0.2893 	0 	10
0.2894 	0 	10
0.2895 	0 	10
0.2896 	0 	10
0.2897 	0 	10
0.2898 	0 	10
0.2899 	0 	10
0.29 	0 	10
0.2901 	0 	10
0.2902 	0 	10
0.2903 	0 	10
0.2904 	0 	10
0.2905 	0 	10
0.2906 	0 	10
0.2907 	0 	10
0.2908 	0 	10
0.2909 	0 	10
0.291 	0 	10
0.2911 	0 	10
0.2912 	0 	10
0.2913 	0 	10
0.2914 	0 	10
0.2915 	0 	10
0.2916 	0 	10
0.2917 	0 	10
0.2918 	0 	10
0.2919 	0 	10
0.292 	0 	10
0.2921 	0 	10
0.2922 	0 	10
0.2923 	0 	10
0.2924 	0 	10
0.2925 	0 	10
0.2926 	0 	10
0.2927 	0 	10
0.2928 	0 	10
0.2929 	0 	10
0.293 	0 	10
0.2931 	0 	10
0.2932 	0 	10
0.2933 	0 	10
0.2934 	0 	10
0.2935 	0 	10
0.2936 	0 	10
0.2937 	0 	10
0.2938 	0 	10
0.2939 	0 	10
0.294 	0 	10
0.2941 	0 	10
0.2942 	0 	10
0.2943 	0 	10
0.2944 	0 	10
0.2945 	0 	10
0.2946 	0 	10
0.2947 	0 	10
0.2948 	0 	10
0.2949 	0 	10
0.295 	0 	10
0.2951 	0 	10
0.2952 	0 	10
0.2953 	0 	10
0.2954 	0 	10
0.2955 	0 	10
0.2956 	0 	10
0.2957 	0 	10
0.2958 	0 	10
0.2959 	0 	10
0.296 	0 	10
0.2961 	0 	10
0.2962 	0 	10
0.2963 	0 	10
0.2964 	0 	10
0.2965 	0 	10
0.2966 	0 	10
0.2967 	0 	10
0.2968 	0 	10
0.2969 	0 	10
0.297 	0 	10
0.2971 	0 	10
0.2972 	0 	10
0.2973 	0 	10
0.2974 	0 	10
0.2975 	0 	10
0.2976 	0 	10
0.2977 	0 	10
0.2978 	0 	10
0.2979 	0 	10
0.298 	0 	10
0.2981 	0 	10
0.2982 	0 	10
0.2983 	0 	10
0.2984 	0 	10
0.2985 	0 	10
0.2986 	0 	10
0.2987 	0 	10
0.2988 	0 	10
0.2989 	0 	10
0.299 	0 	10
0.2991 	0 	10
0.2992 	0 	10
0.2993 	0 	10
0.2994 	0 	10
0.2995 	0 	10
0.2996 	0 	10
0.2997 	0 	10
0.2998 	0 	10
0.2999 	0 	10
0.3 	0 	10
0.3001 	0 	10
0.3002 	0 	10
0.3003 	0 	10
0.3004 	0 	10
0.3005 	0 	10
0.3006 	0 	10
0.3007 	0 	10
0.3008 	0 	10
0.3009 	0 	10
0.301 	0 	10
0.3011 	0 	10
0.3012 	0 	10
0.3013 	0 	10
0.3014 	0 	10
0.3015 	0 	10
0.3016 	0 	10
0.3017 	0 	10
0.3018 	0 	10
0.3019 	0 	10
0.302 	0 	10
0.3021 	0 	10
0.3022 	0 	10
0.3023 	0 	10
0.3024 	0 	10
0.3025 	0 	10
0.3026 	0 	10
0.3027 	0 	10
0.3028 	0 	10
0.3029 	0 	10
0.303 	0 	10
0.3031 	0 	10
0.3032 	0 	10
0.3033 	0 	10
0.3034 	0 	10
0.3035 	0 	10
0.3036 	0 	10
0.3037 	0 	10
0.3038 	0 	10
0.3039 	0 	10
0.304 	0 	10
0.3041 	0 	10
0.3042 	0 	10
0.3043 	0 	10
0.3044 	0 	10
0.3045 	0 	10
0.3046 	0 	10
0.3047 	0 	10
0.3048 	0 	10
0.3049 	0 	10
0.305 	0 	10
0.3051 	0 	10
0.3052 	0 	10
0.3053 	0 	10
0.3054 	0 	10
0.3055 	0 	10
0.3056 	0 	10
0.3057 	0 	10
0.3058 	0 	10
0.3059 	0 	10
0.306 	0 	10
0.3061 	0 	10
0.3062 	0 	10
0.3063 	0 	10
0.3064 	0 	10
0.3065 	0 	10
0.3066 	0 	10
0.3067 	0 	10
0.3068 	0 	10
0.3069 	0 	10
0.307 	0 	10
0.3071 	0 	10
0.3072 	0 	10
0.3073 	0 	10
0.3074 	0 	10
0.3075 	0 	10
0.3076 	0 	10
0.3077 	0 	10
0.3078 	0 	10
0.3079 	0 	10
0.308 	0 	10
0.3081 	0 	10
0.3082 	0 	10
0.3083 	0 	10
0.3084 	0 	10
0.3085 	0 	10
0.3086 	0 	10
0.3087 	0 	10
0.3088 	0 	10
0.3089 	0 	10
0.309 	0 	10
0.3091 	0 	10
0.3092 	0 	10
0.3093 	0 	10
0.3094 	0 	10
0.3095 	0 	10
0.3096 	0 	10
0.3097 	0 	10
0.3098 	0 	10
0.3099 	0 	10
0.31 	0 	10
0.3101 	0 	10
0.3102 	0 	10
0.3103 	0 	10
0.3104 	0 	10
0.3105 	0 	10
0.3106 	0 	10
0.3107 	0 	10
0.3108 	0 	10
0.3109 	0 	10
0.311 	0 	10
0.3111 	0 	10
0.3112 	0 	10
0.3113 	0 	10
0.3114 	0 	10
0.3115 	0 	10
0.3116 	0 	10
0.3117 	0 	10
0.3118 	0 	10
0.3119 	0 	10
0.312 	0 	10
0.3121 	0 	10
0.3122 	0 	10
0.3123 	0 	10
0.3124 	0 	10
0.3125 	0 	10
0.3126 	0 	10
0.3127 	0 	10
0.3128 	0 	10
0.3129 	0 	10
0.313 	0 	10
0.3131 	0 	10
0.3132 	0 	10
0.3133 	0 	10
0.3134 	0 	10
0.3135 	0 	10
0.3136 	0 	10
0.3137 	0 	10
0.3138 	0 	10
0.3139 	0 	10
0.314 	0 	10
0.3141 	0 	10
0.3142 	0 	10
0.3143 	0 	10
0.3144 	0 	10
0.3145 	0 	10
0.3146 	0 	10
0.3147 	0 	10
0.3148 	0 	10
0.3149 	0 	10
0.315 	0 	10
0.3151 	0 	10
0.3152 	0 	10
0.3153 	0 	10
0.3154 	0 	10
0.3155 	0 	10
0.3156 	0 	10
0.3157 	0 	10
0.3158 	0 	10
0.3159 	0 	10
0.316 	0 	10
0.3161 	0 	10
0.3162 	0 	10
0.3163 	0 	10
0.3164 	0 	10
0.3165 	0 	10
0.3166 	0 	10
0.3167 	0 	10
0.3168 	0 	10
0.3169 	0 	10
0.317 	0 	10
0.3171 	0 	10
0.3172 	0 	10
0.3173 	0 	10
0.3174 	0 	10
0.3175 	0 	10
0.3176 	0 	10
0.3177 	0 	10
0.3178 	0 	10
0.3179 	0 	10
0.318 	0 	10
0.3181 	0 	10
0.3182 	0 	10
0.3183 	0 	10
0.3184 	0 	10
0.3185 	0 	10
0.3186 	0 	10
0.3187 	0 	10
0.3188 	0 	10
0.3189 	0 	10
0.319 	0 	10
0.3191 	0 	10
0.3192 	0 	10
0.3193 	0 	10
0.3194 	0 	10
0.3195 	0 	10
0.3196 	0 	10
0.3197 	0 	10
0.3198 	0 	10
0.3199 	0 	10
0.32 	0 	10
0.3201 	0 	10
0.3202 	0 	10
0.3203 	0 	10
0.3204 	0 	10
0.3205 	0 	10
0.3206 	0 	10
0.3207 	0 	10
0.3208 	0 	10
0.3209 	0 	10
0.321 	0 	10
0.3211 	0 	10
0.3212 	0 	10
0.3213 	0 	10
0.3214 	0 	10
0.3215 	0 	10
0.3216 	0 	10
0.3217 	0 	10
0.3218 	0 	10
0.3219 	0 	10
0.322 	0 	10
0.3221 	0 	10
0.3222 	0 	10
0.3223 	0 	10
0.3224 	0 	10
0.3225 	0 	10
0.3226 	0 	10
0.3227 	0 	10
0.3228 	0 	10
0.3229 	0 	10
0.323 	0 	10
0.3231 	0 	10
0.3232 	0 	10
0.3233 	0 	10
0.3234 	0 	10
0.3235 	0 	10
0.3236 	0 	10
0.3237 	0 	10
0.3238 	0 	10
0.3239 	0 	10
0.324 	0 	10
0.3241 	0 	10
0.3242 	0 	10
0.3243 	0 	10
0.3244 	0 	10
0.3245 	0 	10
0.3246 	0 	10
0.3247 	0 	10
0.3248 	0 	10
0.3249 	0 	10
0.325 	0 	10
0.3251 	0 	10
0.3252 	0 	10
0.3253 	0 	10
0.3254 	0 	10
0.3255 	0 	10
0.3256 	0 	10
0.3257 	0 	10
0.3258 	0 	10
0.3259 	0 	10
0.326 	0 	10
0.3261 	0 	10
0.3262 	0 	10
0.3263 	0 	10
0.3264 	0 	10
0.3265 	0 	10
0.3266 	0 	10
0.3267 	0 	10
0.3268 	0 	10
0.3269 	0 	10
0.327 	0 	10
0.3271 	0 	10
0.3272 	0 	10
0.3273 	0 	10
0.3274 	0 	10
0.3275 	0 	10
0.3276 	0 	10
0.3277 	0 	10
0.3278 	0 	10
0.3279 	0 	10
0.328 	0 	10
0.3281 	0 	10
0.3282 	0 	10
0.3283 	0 	10
0.3284 	0 	10
0.3285 	0 	10
0.3286 	0 	10
0.3287 	0 	10
0.3288 	0 	10
0.3289 	0 	10
0.329 	0 	10
0.3291 	0 	10
0.3292 	0 	10
0.3293 	0 	10
0.3294 	0 	10
0.3295 	0 	10
0.3296 	0 	10
0.3297 	0 	10
0.3298 	0 	10
0.3299 	0 	10
0.33 	0 	10
0.3301 	0 	10
0.3302 	0 	10
0.3303 	0 	10
0.3304 	0 	10
0.3305 	0 	10
0.3306 	0 	10
0.3307 	0 	10
0.3308 	0 	10
0.3309 	0 	10
0.331 	0 	10
0.3311 	0 	10
0.3312 	0 	10
0.3313 	0 	10
0.3314 	0 	10
0.3315 	0 	10
0.3316 	0 	10
0.3317 	0 	10
0.3318 	0 	10
0.3319 	0 	10
0.332 	0 	10
0.3321 	0 	10
0.3322 	0 	10
0.3323 	0 	10
0.3324 	0 	10
0.3325 	0 	10
0.3326 	0 	10
0.3327 	0 	10
0.3328 	0 	10
0.3329 	0 	10
0.333 	0 	10
0.3331 	0 	10
0.3332 	0 	10
0.3333 	0 	10
0.3334 	0 	10
0.3335 	0 	10
0.3336 	0 	10
0.3337 	0 	10
0.3338 	0 	10
0.3339 	0 	10
0.334 	0 	10
0.3341 	0 	10
0.3342 	0 	10
0.3343 	0 	10
0.3344 	0 	10
0.3345 	0 	10
0.3346 	0 	10
0.3347 	0 	10
0.3348 	0 	10
0.3349 	0 	10
0.335 	0 	10
0.3351 	0 	10
0.3352 	0 	10
0.3353 	0 	10
0.3354 	0 	10
0.3355 	0 	10
0.3356 	0 	10
0.3357 	0 	10
0.3358 	0 	10
0.3359 	0 	10
0.336 	0 	10
0.3361 	0 	10
0.3362 	0 	10
0.3363 	0 	10
0.3364 	0 	10
0.3365 	0 	10
0.3366 	0 	10
0.3367 	0 	10
0.3368 	0 	10
0.3369 	0 	10
0.337 	0 	10
0.3371 	0 	10
0.3372 	0 	10
0.3373 	0 	10
0.3374 	0 	10
0.3375 	0 	10
0.3376 	0 	10
0.3377 	0 	10
0.3378 	0 	10
0.3379 	0 	10
0.338 	0 	10
0.3381 	0 	10
0.3382 	0 	10
0.3383 	0 	10
0.3384 	0 	10
0.3385 	0 	10
0.3386 	0 	10
0.3387 	0 	10
0.3388 	0 	10
0.3389 	0 	10
0.339 	0 	10
0.3391 	0 	10
0.3392 	0 	10
0.3393 	0 	10
0.3394 	0 	10
0.3395 	0 	10
0.3396 	0 	10
0.3397 	0 	10
0.3398 	0 	10
0.3399 	0 	10
0.34 	0 	10
0.3401 	0 	10
0.3402 	0 	10
0.3403 	0 	10
0.3404 	0 	10
0.3405 	0 	10
0.3406 	0 	10
0.3407 	0 	10
0.3408 	0 	10
0.3409 	0 	10
0.341 	0 	10
0.3411 	0 	10
0.3412 	0 	10
0.3413 	0 	10
0.3414 	0 	10
0.3415 	0 	10
0.3416 	0 	10
0.3417 	0 	10
0.3418 	0 	10
0.3419 	0 	10
0.342 	0 	10
0.3421 	0 	10
0.3422 	0 	10
0.3423 	0 	10
0.3424 	0 	10
0.3425 	0 	10
0.3426 	0 	10
0.3427 	0 	10
0.3428 	0 	10
0.3429 	0 	10
0.343 	0 	10
0.3431 	0 	10
0.3432 	0 	10
0.3433 	0 	10
0.3434 	0 	10
0.3435 	0 	10
0.3436 	0 	10
0.3437 	0 	10
0.3438 	0 	10
0.3439 	0 	10
0.344 	0 	10
0.3441 	0 	10
0.3442 	0 	10
0.3443 	0 	10
0.3444 	0 	10
0.3445 	0 	10
0.3446 	0 	10
0.3447 	0 	10
0.3448 	0 	10
0.3449 	0 	10
0.345 	0 	10
0.3451 	0 	10
0.3452 	0 	10
0.3453 	0 	10
0.3454 	0 	10
0.3455 	0 	10
0.3456 	0 	10
0.3457 	0 	10
0.3458 	0 	10
0.3459 	0 	10
0.346 	0 	10
0.3461 	0 	10
0.3462 	0 	10
0.3463 	0 	10
0.3464 	0 	10
0.3465 	0 	10
0.3466 	0 	10
0.3467 	0 	10
0.3468 	0 	10
0.3469 	0 	10
0.347 	0 	10
0.3471 	0 	10
0.3472 	0 	10
0.3473 	0 	10
0.3474 	0 	10
0.3475 	0 	10
0.3476 	0 	10
0.3477 	0 	10
0.3478 	0 	10
0.3479 	0 	10
0.348 	0 	10
0.3481 	0 	10
0.3482 	0 	10
0.3483 	0 	10
0.3484 	0 	10
0.3485 	0 	10
0.3486 	0 	10
0.3487 	0 	10
0.3488 	0 	10
0.3489 	0 	10
0.349 	0 	10
0.3491 	0 	10
0.3492 	0 	10
0.3493 	0 	10
0.3494 	0 	10
0.3495 	0 	10
0.3496 	0 	10
0.3497 	0 	10
0.3498 	0 	10
0.3499 	0 	10
0.35 	0 	10
0.3501 	0 	10
0.3502 	0 	10
0.3503 	0 	10
0.3504 	0 	10
0.3505 	0 	10
0.3506 	0 	10
0.3507 	0 	10
0.3508 	0 	10
0.3509 	0 	10
0.351 	0 	10
0.3511 	0 	10
0.3512 	0 	10
0.3513 	0 	10
0.3514 	0 	10
0.3515 	0 	10
0.3516 	0 	10
0.3517 	0 	10
0.3518 	0 	10
0.3519 	0 	10
0.352 	0 	10
0.3521 	0 	10
0.3522 	0 	10
0.3523 	0 	10
0.3524 	0 	10
0.3525 	0 	10
0.3526 	0 	10
0.3527 	0 	10
0.3528 	0 	10
0.3529 	0 	10
0.353 	0 	10
0.3531 	0 	10
0.3532 	0 	10
0.3533 	0 	10
0.3534 	0 	10
0.3535 	0 	10
0.3536 	0 	10
0.3537 	0 	10
0.3538 	0 	10
0.3539 	0 	10
0.354 	0 	10
0.3541 	0 	10
0.3542 	0 	10
0.3543 	0 	10
0.3544 	0 	10
0.3545 	0 	10
0.3546 	0 	10
0.3547 	0 	10
0.3548 	0 	10
0.3549 	0 	10
0.355 	0 	10
0.3551 	0 	10
0.3552 	0 	10
0.3553 	0 	10
0.3554 	0 	10
0.3555 	0 	10
0.3556 	0 	10
0.3557 	0 	10
0.3558 	0 	10
0.3559 	0 	10
0.356 	0 	10
0.3561 	0 	10
0.3562 	0 	10
0.3563 	0 	10
0.3564 	0 	10
0.3565 	0 	10
0.3566 	0 	10
0.3567 	0 	10
0.3568 	0 	10
0.3569 	0 	10
0.357 	0 	10
0.3571 	0 	10
0.3572 	0 	10
0.3573 	0 	10
0.3574 	0 	10
0.3575 	0 	10
0.3576 	0 	10
0.3577 	0 	10
0.3578 	0 	10
0.3579 	0 	10
0.358 	0 	10
0.3581 	0 	10
0.3582 	0 	10
0.3583 	0 	10
0.3584 	0 	10
0.3585 	0 	10
0.3586 	0 	10
0.3587 	0 	10
0.3588 	0 	10
0.3589 	0 	10
0.359 	0 	10
0.3591 	0 	10
0.3592 	0 	10
0.3593 	0 	10
0.3594 	0 	10
0.3595 	0 	10
0.3596 	0 	10
0.3597 	0 	10
0.3598 	0 	10
0.3599 	0 	10
0.36 	0 	10
0.3601 	0 	10
0.3602 	0 	10
0.3603 	0 	10
0.3604 	0 	10
0.3605 	0 	10
0.3606 	0 	10
0.3607 	0 	10
0.3608 	0 	10
0.3609 	0 	10
0.361 	0 	10
0.3611 	0 	10
0.3612 	0 	10
0.3613 	0 	10
0.3614 	0 	10
0.3615 	0 	10
0.3616 	0 	10
0.3617 	0 	10
0.3618 	0 	10
0.3619 	0 	10
0.362 	0 	10
0.3621 	0 	10
0.3622 	0 	10
0.3623 	0 	10
0.3624 	0 	10
0.3625 	0 	10
0.3626 	0 	10
0.3627 	0 	10
0.3628 	0 	10
0.3629 	0 	10
0.363 	0 	10
0.3631 	0 	10
0.3632 	0 	10
0.3633 	0 	10
0.3634 	0 	10
0.3635 	0 	10
0.3636 	0 	10
0.3637 	0 	10
0.3638 	0 	10
0.3639 	0 	10
0.364 	0 	10
0.3641 	0 	10
0.3642 	0 	10
0.3643 	0 	10
0.3644 	0 	10
0.3645 	0 	10
0.3646 	0 	10
0.3647 	0 	10
0.3648 	0 	10
0.3649 	0 	10
0.365 	0 	10
0.3651 	0 	10
0.3652 	0 	10
0.3653 	0 	10
0.3654 	0 	10
0.3655 	0 	10
0.3656 	0 	10
0.3657 	0 	10
0.3658 	0 	10
0.3659 	0 	10
0.366 	0 	10
0.3661 	0 	10
0.3662 	0 	10
0.3663 	0 	10
0.3664 	0 	10
0.3665 	0 	10
0.3666 	0 	10
0.3667 	0 	10
0.3668 	0 	10
0.3669 	0 	10
0.367 	0 	10
0.3671 	0 	10
0.3672 	0 	10
0.3673 	0 	10
0.3674 	0 	10
0.3675 	0 	10
0.3676 	0 	10
0.3677 	0 	10
0.3678 	0 	10
0.3679 	0 	10
0.368 	0 	10
0.3681 	0 	10
0.3682 	0 	10
0.3683 	0 	10
0.3684 	0 	10
0.3685 	0 	10
0.3686 	0 	10
0.3687 	0 	10
0.3688 	0 	10
0.3689 	0 	10
0.369 	0 	10
0.3691 	0 	10
0.3692 	0 	10
0.3693 	0 	10
0.3694 	0 	10
0.3695 	0 	10
0.3696 	0 	10
0.3697 	0 	10
0.3698 	0 	10
0.3699 	0 	10
0.37 	0 	10
0.3701 	0 	10
0.3702 	0 	10
0.3703 	0 	10
0.3704 	0 	10
0.3705 	0 	10
0.3706 	0 	10
0.3707 	0 	10
0.3708 	0 	10
0.3709 	0 	10
0.371 	0 	10
0.3711 	0 	10
0.3712 	0 	10
0.3713 	0 	10
0.3714 	0 	10
0.3715 	0 	10
0.3716 	0 	10
0.3717 	0 	10
0.3718 	0 	10
0.3719 	0 	10
0.372 	0 	10
0.3721 	0 	10
0.3722 	0 	10
0.3723 	0 	10
0.3724 	0 	10
0.3725 	0 	10
0.3726 	0 	10
0.3727 	0 	10
0.3728 	0 	10
0.3729 	0 	10
0.373 	0 	10
0.3731 	0 	10
0.3732 	0 	10
0.3733 	0 	10
0.3734 	0 	10
0.3735 	0 	10
0.3736 	0 	10
0.3737 	0 	10
0.3738 	0 	10
0.3739 	0 	10
0.374 	0 	10
0.3741 	0 	10
0.3742 	0 	10
0.3743 	0 	10
0.3744 	0 	10
0.3745 	0 	10
0.3746 	0 	10
0.3747 	0 	10
0.3748 	0 	10
0.3749 	0 	10
0.375 	0 	10
0.3751 	0 	10
0.3752 	0 	10
0.3753 	0 	10
0.3754 	0 	10
0.3755 	0 	10
0.3756 	0 	10
0.3757 	0 	10
0.3758 	0 	10
0.3759 	0 	10
0.376 	0 	10
0.3761 	0 	10
0.3762 	0 	10
0.3763 	0 	10
0.3764 	0 	10
0.3765 	0 	10
0.3766 	0 	10
0.3767 	0 	10
0.3768 	0 	10
0.3769 	0 	10
0.377 	0 	10
0.3771 	0 	10
0.3772 	0 	10
0.3773 	0 	10
0.3774 	0 	10
0.3775 	0 	10
0.3776 	0 	10
0.3777 	0 	10
0.3778 	0 	10
0.3779 	0 	10
0.378 	0 	10
0.3781 	0 	10
0.3782 	0 	10
0.3783 	0 	10
0.3784 	0 	10
0.3785 	0 	10
0.3786 	0 	10
0.3787 	0 	10
0.3788 	0 	10
0.3789 	0 	10
0.379 	0 	10
0.3791 	0 	10
0.3792 	0 	10
0.3793 	0 	10
0.3794 	0 	10
0.3795 	0 	10
0.3796 	0 	10
0.3797 	0 	10
0.3798 	0 	10
0.3799 	0 	10
0.38 	0 	10
0.3801 	0 	10
0.3802 	0 	10
0.3803 	0 	10
0.3804 	0 	10
0.3805 	0 	10
0.3806 	0 	10
0.3807 	0 	10
0.3808 	0 	10
0.3809 	0 	10
0.381 	0 	10
0.3811 	0 	10
0.3812 	0 	10
0.3813 	0 	10
0.3814 	0 	10
0.3815 	0 	10
0.3816 	0 	10
0.3817 	0 	10
0.3818 	0 	10
0.3819 	0 	10
0.382 	0 	10
0.3821 	0 	10
0.3822 	0 	10
0.3823 	0 	10
0.3824 	0 	10
0.3825 	0 	10
0.3826 	0 	10
0.3827 	0 	10
0.3828 	0 	10
0.3829 	0 	10
0.383 	0 	10
0.3831 	0 	10
0.3832 	0 	10
0.3833 	0 	10
0.3834 	0 	10
0.3835 	0 	10
0.3836 	0 	10
0.3837 	0 	10
0.3838 	0 	10
0.3839 	0 	10
0.384 	0 	10
0.3841 	0 	10
0.3842 	0 	10
0.3843 	0 	10
0.3844 	0 	10
0.3845 	0 	10
0.3846 	0 	10
0.3847 	0 	10
0.3848 	0 	10
0.3849 	0 	10
0.385 	0 	10
0.3851 	0 	10
0.3852 	0 	10
0.3853 	0 	10
0.3854 	0 	10
0.3855 	0 	10
0.3856 	0 	10
0.3857 	0 	10
0.3858 	0 	10
0.3859 	0 	10
0.386 	0 	10
0.3861 	0 	10
0.3862 	0 	10
0.3863 	0 	10
0.3864 	0 	10
0.3865 	0 	10
0.3866 	0 	10
0.3867 	0 	10
0.3868 	0 	10
0.3869 	0 	10
0.387 	0 	10
0.3871 	0 	10
0.3872 	0 	10
0.3873 	0 	10
0.3874 	0 	10
0.3875 	0 	10
0.3876 	0 	10
0.3877 	0 	10
0.3878 	0 	10
0.3879 	0 	10
0.388 	0 	10
0.3881 	0 	10
0.3882 	0 	10
0.3883 	0 	10
0.3884 	0 	10
0.3885 	0 	10
0.3886 	0 	10
0.3887 	0 	10
0.3888 	0 	10
0.3889 	0 	10
0.389 	0 	10
0.3891 	0 	10
0.3892 	0 	10
0.3893 	0 	10
0.3894 	0 	10
0.3895 	0 	10
0.3896 	0 	10
0.3897 	0 	10
0.3898 	0 	10
0.3899 	0 	10
0.39 	0 	10
0.3901 	0 	10
0.3902 	0 	10
0.3903 	0 	10
0.3904 	0 	10
0.3905 	0 	10
0.3906 	0 	10
0.3907 	0 	10
0.3908 	0 	10
0.3909 	0 	10
0.391 	0 	10
0.3911 	0 	10
0.3912 	0 	10
0.3913 	0 	10
0.3914 	0 	10
0.3915 	0 	10
0.3916 	0 	10
0.3917 	0 	10
0.3918 	0 	10
0.3919 	0 	10
0.392 	0 	10
0.3921 	0 	10
0.3922 	0 	10
0.3923 	0 	10
0.3924 	0 	10
0.3925 	0 	10
0.3926 	0 	10
0.3927 	0 	10
0.3928 	0 	10
0.3929 	0 	10
0.393 	0 	10
0.3931 	0 	10
0.3932 	0 	10
0.3933 	0 	10
0.3934 	0 	10
0.3935 	0 	10
0.3936 	0 	10
0.3937 	0 	10
0.3938 	0 	10
0.3939 	0 	10
0.394 	0 	10
0.3941 	0 	10
0.3942 	0 	10
0.3943 	0 	10
0.3944 	0 	10
0.3945 	0 	10
0.3946 	0 	10
0.3947 	0 	10
0.3948 	0 	10
0.3949 	0 	10
0.395 	0 	10
0.3951 	0 	10
0.3952 	0 	10
0.3953 	0 	10
0.3954 	0 	10
0.3955 	0 	10
0.3956 	0 	10
0.3957 	0 	10
0.3958 	0 	10
0.3959 	0 	10
0.396 	0 	10
0.3961 	0 	10
0.3962 	0 	10
0.3963 	0 	10
0.3964 	0 	10
0.3965 	0 	10
0.3966 	0 	10
0.3967 	0 	10
0.3968 	0 	10
0.3969 	0 	10
0.397 	0 	10
0.3971 	0 	10
0.3972 	0 	10
0.3973 	0 	10
0.3974 	0 	10
0.3975 	0 	10
0.3976 	0 	10
0.3977 	0 	10
0.3978 	0 	10
0.3979 	0 	10
0.398 	0 	10
0.3981 	0 	10
0.3982 	0 	10
0.3983 	0 	10
0.3984 	0 	10
0.3985 	0 	10
0.3986 	0 	10
0.3987 	0 	10
0.3988 	0 	10
0.3989 	0 	10
0.399 	0 	10
0.3991 	0 	10
0.3992 	0 	10
0.3993 	0 	10
0.3994 	0 	10
0.3995 	0 	10
0.3996 	0 	10
0.3997 	0 	10
0.3998 	0 	10
0.3999 	0 	10
0.4 	0 	10
0.4001 	0 	10
0.4002 	0 	10
0.4003 	0 	10
0.4004 	0 	10
0.4005 	0 	10
0.4006 	0 	10
0.4007 	0 	10
0.4008 	0 	10
0.4009 	0 	10
0.401 	0 	10
0.4011 	0 	10
0.4012 	0 	10
0.4013 	0 	10
0.4014 	0 	10
0.4015 	0 	10
0.4016 	0 	10
0.4017 	0 	10
0.4018 	0 	10
0.4019 	0 	10
0.402 	0 	10
0.4021 	0 	10
0.4022 	0 	10
0.4023 	0 	10
0.4024 	0 	10
0.4025 	0 	10
0.4026 	0 	10
0.4027 	0 	10
0.4028 	0 	10
0.4029 	0 	10
0.403 	0 	10
0.4031 	0 	10
0.4032 	0 	10
0.4033 	0 	10
0.4034 	0 	10
0.4035 	0 	10
0.4036 	0 	10
0.4037 	0 	10
0.4038 	0 	10
0.4039 	0 	10
0.404 	0 	10
0.4041 	0 	10
0.4042 	0 	10
0.4043 	0 	10
0.4044 	0 	10
0.4045 	0 	10
0.4046 	0 	10
0.4047 	0 	10
0.4048 	0 	10
0.4049 	0 	10
0.405 	0 	10
0.4051 	0 	10
0.4052 	0 	10
0.4053 	0 	10
0.4054 	0 	10
0.4055 	0 	10
0.4056 	0 	10
0.4057 	0 	10
0.4058 	0 	10
0.4059 	0 	10
0.406 	0 	10
0.4061 	0 	10
0.4062 	0 	10
0.4063 	0 	10
0.4064 	0 	10
0.4065 	0 	10
0.4066 	0 	10
0.4067 	0 	10
0.4068 	0 	10
0.4069 	0 	10
0.407 	0 	10
0.4071 	0 	10
0.4072 	0 	10
0.4073 	0 	10
0.4074 	0 	10
0.4075 	0 	10
0.4076 	0 	10
0.4077 	0 	10
0.4078 	0 	10
0.4079 	0 	10
0.408 	0 	10
0.4081 	0 	10
0.4082 	0 	10
0.4083 	0 	10
0.4084 	0 	10
0.4085 	0 	10
0.4086 	0 	10
0.4087 	0 	10
0.4088 	0 	10
0.4089 	0 	10
0.409 	0 	10
0.4091 	0 	10
0.4092 	0 	10
0.4093 	0 	10
0.4094 	0 	10
0.4095 	0 	10
0.4096 	0 	10
0.4097 	0 	10
0.4098 	0 	10
0.4099 	0 	10
0.41 	0 	10
0.4101 	0 	10
0.4102 	0 	10
0.4103 	0 	10
0.4104 	0 	10
0.4105 	0 	10
0.4106 	0 	10
0.4107 	0 	10
0.4108 	0 	10
0.4109 	0 	10
0.411 	0 	10
0.4111 	0 	10
0.4112 	0 	10
0.4113 	0 	10
0.4114 	0 	10
0.4115 	0 	10
0.4116 	0 	10
0.4117 	0 	10
0.4118 	0 	10
0.4119 	0 	10
0.412 	0 	10
0.4121 	0 	10
0.4122 	0 	10
0.4123 	0 	10
0.4124 	0 	10
0.4125 	0 	10
0.4126 	0 	10
0.4127 	0 	10
0.4128 	0 	10
0.4129 	0 	10
0.413 	0 	10
0.4131 	0 	10
0.4132 	0 	10
0.4133 	0 	10
0.4134 	0 	10
0.4135 	0 	10
0.4136 	0 	10
0.4137 	0 	10
0.4138 	0 	10
0.4139 	0 	10
0.414 	0 	10
0.4141 	0 	10
0.4142 	0 	10
0.4143 	0 	10
0.4144 	0 	10
0.4145 	0 	10
0.4146 	0 	10
0.4147 	0 	10
0.4148 	0 	10
0.4149 	0 	10
0.415 	0 	10
0.4151 	0 	10
0.4152 	0 	10
0.4153 	0 	10
0.4154 	0 	10
0.4155 	0 	10
0.4156 	0 	10
0.4157 	0 	10
0.4158 	0 	10
0.4159 	0 	10
0.416 	0 	10
0.4161 	0 	10
0.4162 	0 	10
0.4163 	0 	10
0.4164 	0 	10
0.4165 	0 	10
0.4166 	0 	10
0.4167 	0 	10
0.4168 	0 	10
0.4169 	0 	10
0.417 	0 	10
0.4171 	0 	10
0.4172 	0 	10
0.4173 	0 	10
0.4174 	0 	10
0.4175 	0 	10
0.4176 	0 	10
0.4177 	0 	10
0.4178 	0 	10
0.4179 	0 	10
0.418 	0 	10
0.4181 	0 	10
0.4182 	0 	10
0.4183 	0 	10
0.4184 	0 	10
0.4185 	0 	10
0.4186 	0 	10
0.4187 	0 	10
0.4188 	0 	10
0.4189 	0 	10
0.419 	0 	10
0.4191 	0 	10
0.4192 	0 	10
0.4193 	0 	10
0.4194 	0 	10
0.4195 	0 	10
0.4196 	0 	10
0.4197 	0 	10
0.4198 	0 	10
0.4199 	0 	10
0.42 	0 	10
0.4201 	0 	10
0.4202 	0 	10
0.4203 	0 	10
0.4204 	0 	10
0.4205 	0 	10
0.4206 	0 	10
0.4207 	0 	10
0.4208 	0 	10
0.4209 	0 	10
0.421 	0 	10
0.4211 	0 	10
0.4212 	0 	10
0.4213 	0 	10
0.4214 	0 	10
0.4215 	0 	10
0.4216 	0 	10
0.4217 	0 	10
0.4218 	0 	10
0.4219 	0 	10
0.422 	0 	10
0.4221 	0 	10
0.4222 	0 	10
0.4223 	0 	10
0.4224 	0 	10
0.4225 	0 	10
0.4226 	0 	10
0.4227 	0 	10
0.4228 	0 	10
0.4229 	0 	10
0.423 	0 	10
0.4231 	0 	10
0.4232 	0 	10
0.4233 	0 	10
0.4234 	0 	10
0.4235 	0 	10
0.4236 	0 	10
0.4237 	0 	10
0.4238 	0 	10
0.4239 	0 	10
0.424 	0 	10
0.4241 	0 	10
0.4242 	0 	10
0.4243 	0 	10
0.4244 	0 	10
0.4245 	0 	10
0.4246 	0 	10
0.4247 	0 	10
0.4248 	0 	10
0.4249 	0 	10
0.425 	0 	10
0.4251 	0 	10
0.4252 	0 	10
0.4253 	0 	10
0.4254 	0 	10
0.4255 	0 	10
0.4256 	0 	10
0.4257 	0 	10
0.4258 	0 	10
0.4259 	0 	10
0.426 	0 	10
0.4261 	0 	10
0.4262 	0 	10
0.4263 	0 	10
0.4264 	0 	10
0.4265 	0 	10
0.4266 	0 	10
0.4267 	0 	10
0.4268 	0 	10
0.4269 	0 	10
0.427 	0 	10
0.4271 	0 	10
0.4272 	0 	10
0.4273 	0 	10
0.4274 	0 	10
0.4275 	0 	10
0.4276 	0 	10
0.4277 	0 	10
0.4278 	0 	10
0.4279 	0 	10
0.428 	0 	10
0.4281 	0 	10
0.4282 	0 	10
0.4283 	0 	10
0.4284 	0 	10
0.4285 	0 	10
0.4286 	0 	10
0.4287 	0 	10
0.4288 	0 	10
0.4289 	0 	10
0.429 	0 	10
0.4291 	0 	10
0.4292 	0 	10
0.4293 	0 	10
0.4294 	0 	10
0.4295 	0 	10
0.4296 	0 	10
0.4297 	0 	10
0.4298 	0 	10
0.4299 	0 	10
0.43 	0 	10
0.4301 	0 	10
0.4302 	0 	10
0.4303 	0 	10
0.4304 	0 	10
0.4305 	0 	10
0.4306 	0 	10
0.4307 	0 	10
0.4308 	0 	10
0.4309 	0 	10
0.431 	0 	10
0.4311 	0 	10
0.4312 	0 	10
0.4313 	0 	10
0.4314 	0 	10
0.4315 	0 	10
0.4316 	0 	10
0.4317 	0 	10
0.4318 	0 	10
0.4319 	0 	10
0.432 	0 	10
0.4321 	0 	10
0.4322 	0 	10
0.4323 	0 	10
0.4324 	0 	10
0.4325 	0 	10
0.4326 	0 	10
0.4327 	0 	10
0.4328 	0 	10
0.4329 	0 	10
0.433 	0 	10
0.4331 	0 	10
0.4332 	0 	10
0.4333 	0 	10
0.4334 	0 	10
0.4335 	0 	10
0.4336 	0 	10
0.4337 	0 	10
0.4338 	0 	10
0.4339 	0 	10
0.434 	0 	10
0.4341 	0 	10
0.4342 	0 	10
0.4343 	0 	10
0.4344 	0 	10
0.4345 	0 	10
0.4346 	0 	10
0.4347 	0 	10
0.4348 	0 	10
0.4349 	0 	10
0.435 	0 	10
0.4351 	0 	10
0.4352 	0 	10
0.4353 	0 	10
0.4354 	0 	10
0.4355 	0 	10
0.4356 	0 	10
0.4357 	0 	10
0.4358 	0 	10
0.4359 	0 	10
0.436 	0 	10
0.4361 	0 	10
0.4362 	0 	10
0.4363 	0 	10
0.4364 	0 	10
0.4365 	0 	10
0.4366 	0 	10
0.4367 	0 	10
0.4368 	0 	10
0.4369 	0 	10
0.437 	0 	10
0.4371 	0 	10
0.4372 	0 	10
0.4373 	0 	10
0.4374 	0 	10
0.4375 	0 	10
0.4376 	0 	10
0.4377 	0 	10
0.4378 	0 	10
0.4379 	0 	10
0.438 	0 	10
0.4381 	0 	10
0.4382 	0 	10
0.4383 	0 	10
0.4384 	0 	10
0.4385 	0 	10
0.4386 	0 	10
0.4387 	0 	10
0.4388 	0 	10
0.4389 	0 	10
0.439 	0 	10
0.4391 	0 	10
0.4392 	0 	10
0.4393 	0 	10
0.4394 	0 	10
0.4395 	0 	10
0.4396 	0 	10
0.4397 	0 	10
0.4398 	0 	10
0.4399 	0 	10
0.44 	0 	10
0.4401 	0 	10
0.4402 	0 	10
0.4403 	0 	10
0.4404 	0 	10
0.4405 	0 	10
0.4406 	0 	10
0.4407 	0 	10
0.4408 	0 	10
0.4409 	0 	10
0.441 	0 	10
0.4411 	0 	10
0.4412 	0 	10
0.4413 	0 	10
0.4414 	0 	10
0.4415 	0 	10
0.4416 	0 	10
0.4417 	0 	10
0.4418 	0 	10
0.4419 	0 	10
0.442 	0 	10
0.4421 	0 	10
0.4422 	0 	10
0.4423 	0 	10
0.4424 	0 	10
0.4425 	0 	10
0.4426 	0 	10
0.4427 	0 	10
0.4428 	0 	10
0.4429 	0 	10
0.443 	0 	10
0.4431 	0 	10
0.4432 	0 	10
0.4433 	0 	10
0.4434 	0 	10
0.4435 	0 	10
0.4436 	0 	10
0.4437 	0 	10
0.4438 	0 	10
0.4439 	0 	10
0.444 	0 	10
0.4441 	0 	10
0.4442 	0 	10
0.4443 	0 	10
0.4444 	0 	10
0.4445 	0 	10
0.4446 	0 	10
0.4447 	0 	10
0.4448 	0 	10
0.4449 	0 	10
0.445 	0 	10
0.4451 	0 	10
0.4452 	0 	10
0.4453 	0 	10
0.4454 	0 	10
0.4455 	0 	10
0.4456 	0 	10
0.4457 	0 	10
0.4458 	0 	10
0.4459 	0 	10
0.446 	0 	10
0.4461 	0 	10
0.4462 	0 	10
0.4463 	0 	10
0.4464 	0 	10
0.4465 	0 	10
0.4466 	0 	10
0.4467 	0 	10
0.4468 	0 	10
0.4469 	0 	10
0.447 	0 	10
0.4471 	0 	10
0.4472 	0 	10
0.4473 	0 	10
0.4474 	0 	10
0.4475 	0 	10
0.4476 	0 	10
0.4477 	0 	10
0.4478 	0 	10
0.4479 	0 	10
0.448 	0 	10
0.4481 	0 	10
0.4482 	0 	10
0.4483 	0 	10
0.4484 	0 	10
0.4485 	0 	10
0.4486 	0 	10
0.4487 	0 	10
0.4488 	0 	10
0.4489 	0 	10
0.449 	0 	10
0.4491 	0 	10
0.4492 	0 	10
0.4493 	0 	10
0.4494 	0 	10
0.4495 	0 	10
0.4496 	0 	10
0.4497 	0 	10
0.4498 	0 	10
0.4499 	0 	10
0.45 	0 	10
0.4501 	0 	10
0.4502 	0 	10
0.4503 	0 	10
0.4504 	0 	10
0.4505 	0 	10
0.4506 	0 	10
0.4507 	0 	10
0.4508 	0 	10
0.4509 	0 	10
0.451 	0 	10
0.4511 	0 	10
0.4512 	0 	10
0.4513 	0 	10
0.4514 	0 	10
0.4515 	0 	10
0.4516 	0 	10
0.4517 	0 	10
0.4518 	0 	10
0.4519 	0 	10
0.452 	0 	10
0.4521 	0 	10
0.4522 	0 	10
0.4523 	0 	10
0.4524 	0 	10
0.4525 	0 	10
0.4526 	0 	10
0.4527 	0 	10
0.4528 	0 	10
0.4529 	0 	10
0.453 	0 	10
0.4531 	0 	10
0.4532 	0 	10
0.4533 	0 	10
0.4534 	0 	10
0.4535 	0 	10
0.4536 	0 	10
0.4537 	0 	10
0.4538 	0 	10
0.4539 	0 	10
0.454 	0 	10
0.4541 	0 	10
0.4542 	0 	10
0.4543 	0 	10
0.4544 	0 	10
0.4545 	0 	10
0.4546 	0 	10
0.4547 	0 	10
0.4548 	0 	10
0.4549 	0 	10
0.455 	0 	10
0.4551 	0 	10
0.4552 	0 	10
0.4553 	0 	10
0.4554 	0 	10
0.4555 	0 	10
0.4556 	0 	10
0.4557 	0 	10
0.4558 	0 	10
0.4559 	0 	10
0.456 	0 	10
0.4561 	0 	10
0.4562 	0 	10
0.4563 	0 	10
0.4564 	0 	10
0.4565 	0 	10
0.4566 	0 	10
0.4567 	0 	10
0.4568 	0 	10
0.4569 	0 	10
0.457 	0 	10
0.4571 	0 	10
0.4572 	0 	10
0.4573 	0 	10
0.4574 	0 	10
0.4575 	0 	10
0.4576 	0 	10
0.4577 	0 	10
0.4578 	0 	10
0.4579 	0 	10
0.458 	0 	10
0.4581 	0 	10
0.4582 	0 	10
0.4583 	0 	10
0.4584 	0 	10
0.4585 	0 	10
0.4586 	0 	10
0.4587 	0 	10
0.4588 	0 	10
0.4589 	0 	10
0.459 	0 	10
0.4591 	0 	10
0.4592 	0 	10
0.4593 	0 	10
0.4594 	0 	10
0.4595 	0 	10
0.4596 	0 	10
0.4597 	0 	10
0.4598 	0 	10
0.4599 	0 	10
0.46 	0 	10
0.4601 	0 	10
0.4602 	0 	10
0.4603 	0 	10
0.4604 	0 	10
0.4605 	0 	10
0.4606 	0 	10
0.4607 	0 	10
0.4608 	0 	10
0.4609 	0 	10
0.461 	0 	10
0.4611 	0 	10
0.4612 	0 	10
0.4613 	0 	10
0.4614 	0 	10
0.4615 	0 	10
0.4616 	0 	10
0.4617 	0 	10
0.4618 	0 	10
0.4619 	0 	10
0.462 	0 	10
0.4621 	0 	10
0.4622 	0 	10
0.4623 	0 	10
0.4624 	0 	10
0.4625 	0 	10
0.4626 	0 	10
0.4627 	0 	10
0.4628 	0 	10
0.4629 	0 	10
0.463 	0 	10
0.4631 	0 	10
0.4632 	0 	10
0.4633 	0 	10
0.4634 	0 	10
0.4635 	0 	10
0.4636 	0 	10
0.4637 	0 	10
0.4638 	0 	10
0.4639 	0 	10
0.464 	0 	10
0.4641 	0 	10
0.4642 	0 	10
0.4643 	0 	10
0.4644 	0 	10
0.4645 	0 	10
0.4646 	0 	10
0.4647 	0 	10
0.4648 	0 	10
0.4649 	0 	10
0.465 	0 	10
0.4651 	0 	10
0.4652 	0 	10
0.4653 	0 	10
0.4654 	0 	10
0.4655 	0 	10
0.4656 	0 	10
0.4657 	0 	10
0.4658 	0 	10
0.4659 	0 	10
0.466 	0 	10
0.4661 	0 	10
0.4662 	0 	10
0.4663 	0 	10
0.4664 	0 	10
0.4665 	0 	10
0.4666 	0 	10
0.4667 	0 	10
0.4668 	0 	10
0.4669 	0 	10
0.467 	0 	10
0.4671 	0 	10
0.4672 	0 	10
0.4673 	0 	10
0.4674 	0 	10
0.4675 	0 	10
0.4676 	0 	10
0.4677 	0 	10
0.4678 	0 	10
0.4679 	0 	10
0.468 	0 	10
0.4681 	0 	10
0.4682 	0 	10
0.4683 	0 	10
0.4684 	0 	10
0.4685 	0 	10
0.4686 	0 	10
0.4687 	0 	10
0.4688 	0 	10
0.4689 	0 	10
0.469 	0 	10
0.4691 	0 	10
0.4692 	0 	10
0.4693 	0 	10
0.4694 	0 	10
0.4695 	0 	10
0.4696 	0 	10
0.4697 	0 	10
0.4698 	0 	10
0.4699 	0 	10
0.47 	0 	10
0.4701 	0 	10
0.4702 	0 	10
0.4703 	0 	10
0.4704 	0 	10
0.4705 	0 	10
0.4706 	0 	10
0.4707 	0 	10
0.4708 	0 	10
0.4709 	0 	10
0.471 	0 	10
0.4711 	0 	10
0.4712 	0 	10
0.4713 	0 	10
0.4714 	0 	10
0.4715 	0 	10
0.4716 	0 	10
0.4717 	0 	10
0.4718 	0 	10
0.4719 	0 	10
0.472 	0 	10
0.4721 	0 	10
0.4722 	0 	10
0.4723 	0 	10
0.4724 	0 	10
0.4725 	0 	10
0.4726 	0 	10
0.4727 	0 	10
0.4728 	0 	10
0.4729 	0 	10
0.473 	0 	10
0.4731 	0 	10
0.4732 	0 	10
0.4733 	0 	10
0.4734 	0 	10
0.4735 	0 	10
0.4736 	0 	10
0.4737 	0 	10
0.4738 	0 	10
0.4739 	0 	10
0.474 	0 	10
0.4741 	0 	10
0.4742 	0 	10
0.4743 	0 	10
0.4744 	0 	10
0.4745 	0 	10
0.4746 	0 	10
0.4747 	0 	10
0.4748 	0 	10
0.4749 	0 	10
0.475 	0 	10
0.4751 	0 	10
0.4752 	0 	10
0.4753 	0 	10
0.4754 	0 	10
0.4755 	0 	10
0.4756 	0 	10
0.4757 	0 	10
0.4758 	0 	10
0.4759 	0 	10
0.476 	0 	10
0.4761 	0 	10
0.4762 	0 	10
0.4763 	0 	10
0.4764 	0 	10
0.4765 	0 	10
0.4766 	0 	10
0.4767 	0 	10
0.4768 	0 	10
0.4769 	0 	10
0.477 	0 	10
0.4771 	0 	10
0.4772 	0 	10
0.4773 	0 	10
0.4774 	0 	10
0.4775 	0 	10
0.4776 	0 	10
0.4777 	0 	10
0.4778 	0 	10
0.4779 	0 	10
0.478 	0 	10
0.4781 	0 	10
0.4782 	0 	10
0.4783 	0 	10
0.4784 	0 	10
0.4785 	0 	10
0.4786 	0 	10
0.4787 	0 	10
0.4788 	0 	10
0.4789 	0 	10
0.479 	0 	10
0.4791 	0 	10
0.4792 	0 	10
0.4793 	0 	10
0.4794 	0 	10
0.4795 	0 	10
0.4796 	0 	10
0.4797 	0 	10
0.4798 	0 	10
0.4799 	0 	10
0.48 	0 	10
0.4801 	0 	10
0.4802 	0 	10
0.4803 	0 	10
0.4804 	0 	10
0.4805 	0 	10
0.4806 	0 	10
0.4807 	0 	10
0.4808 	0 	10
0.4809 	0 	10
0.481 	0 	10
0.4811 	0 	10
0.4812 	0 	10
0.4813 	0 	10
0.4814 	0 	10
0.4815 	0 	10
0.4816 	0 	10
0.4817 	0 	10
0.4818 	0 	10
0.4819 	0 	10
0.482 	0 	10
0.4821 	0 	10
0.4822 	0 	10
0.4823 	0 	10
0.4824 	0 	10
0.4825 	0 	10
0.4826 	0 	10
0.4827 	0 	10
0.4828 	0 	10
0.4829 	0 	10
0.483 	0 	10
0.4831 	0 	10
0.4832 	0 	10
0.4833 	0 	10
0.4834 	0 	10
0.4835 	0 	10
0.4836 	0 	10
0.4837 	0 	10
0.4838 	0 	10
0.4839 	0 	10
0.484 	0 	10
0.4841 	0 	10
0.4842 	0 	10
0.4843 	0 	10
0.4844 	0 	10
0.4845 	0 	10
0.4846 	0 	10
0.4847 	0 	10
0.4848 	0 	10
0.4849 	0 	10
0.485 	0 	10
0.4851 	0 	10
0.4852 	0 	10
0.4853 	0 	10
0.4854 	0 	10
0.4855 	0 	10
0.4856 	0 	10
0.4857 	0 	10
0.4858 	0 	10
0.4859 	0 	10
0.486 	0 	10
0.4861 	0 	10
0.4862 	0 	10
0.4863 	0 	10
0.4864 	0 	10
0.4865 	0 	10
0.4866 	0 	10
0.4867 	0 	10
0.4868 	0 	10
0.4869 	0 	10
0.487 	0 	10
0.4871 	0 	10
0.4872 	0 	10
0.4873 	0 	10
0.4874 	0 	10
0.4875 	0 	10
0.4876 	0 	10
0.4877 	0 	10
0.4878 	0 	10
0.4879 	0 	10
0.488 	0 	10
0.4881 	0 	10
0.4882 	0 	10
0.4883 	0 	10
0.4884 	0 	10
0.4885 	0 	10
0.4886 	0 	10
0.4887 	0 	10
0.4888 	0 	10
0.4889 	0 	10
0.489 	0 	10
0.4891 	0 	10
0.4892 	0 	10
0.4893 	0 	10
0.4894 	0 	10
0.4895 	0 	10
0.4896 	0 	10
0.4897 	0 	10
0.4898 	0 	10
0.4899 	0 	10
0.49 	0 	10
0.4901 	0 	10
0.4902 	0 	10
0.4903 	0 	10
0.4904 	0 	10
0.4905 	0 	10
0.4906 	0 	10
0.4907 	0 	10
0.4908 	0 	10
0.4909 	0 	10
0.491 	0 	10
0.4911 	0 	10
0.4912 	0 	10
0.4913 	0 	10
0.4914 	0 	10
0.4915 	0 	10
0.4916 	0 	10
0.4917 	0 	10
0.4918 	0 	10
0.4919 	0 	10
0.492 	0 	10
0.4921 	0 	10
0.4922 	0 	10
0.4923 	0 	10
0.4924 	0 	10
0.4925 	0 	10
0.4926 	0 	10
0.4927 	0 	10
0.4928 	0 	10
0.4929 	0 	10
0.493 	0 	10
0.4931 	0 	10
0.4932 	0 	10
0.4933 	0 	10
0.4934 	0 	10
0.4935 	0 	10
0.4936 	0 	10
0.4937 	0 	10
0.4938 	0 	10
0.4939 	0 	10
0.494 	0 	10
0.4941 	0 	10
0.4942 	0 	10
0.4943 	0 	10
0.4944 	0 	10
0.4945 	0 	10
0.4946 	0 	10
0.4947 	0 	10
0.4948 	0 	10
0.4949 	0 	10
0.495 	0 	10
0.4951 	0 	10
0.4952 	0 	10
0.4953 	0 	10
0.4954 	0 	10
0.4955 	0 	10
0.4956 	0 	10
0.4957 	0 	10
0.4958 	0 	10
0.4959 	0 	10
0.496 	0 	10
0.4961 	0 	10
0.4962 	0 	10
0.4963 	0 	10
0.4964 	0 	10
0.4965 	0 	10
0.4966 	0 	10
0.4967 	0 	10
0.4968 	0 	10
0.4969 	0 	10
0.497 	0 	10
0.4971 	0 	10
0.4972 	0 	10
0.4973 	0 	10
0.4974 	0 	10
0.4975 	0 	10
0.4976 	0 	10
0.4977 	0 	10
0.4978 	0 	10
0.4979 	0 	10
0.498 	0 	10
0.4981 	0 	10
0.4982 	0 	10
0.4983 	0 	10
0.4984 	0 	10
0.4985 	0 	10
0.4986 	0 	10
0.4987 	0 	10
0.4988 	0 	10
0.4989 	0 	10
0.499 	0 	10
0.4991 	0 	10
0.4992 	0 	10
0.4993 	0 	10
0.4994 	0 	10
0.4995 	0 	10
0.4996 	0 	10
0.4997 	0 	10
0.4998 	0 	10
0.4999 	0 	10
